,iupac,smiles,expt,calc
0,"4-methoxy-N,N-dimethyl-benzamide",CN(C)C(=O)c1ccc(cc1)OC,-11.01,-9.625
1,methanesulfonyl chloride,CS(=O)(=O)Cl,-4.87,-6.219
2,2-ethylpyrazine,CCc1cnccn1,-5.45,-5.809
3,heptan-1-ol,CCCCCCCO,-4.21,-2.917
4,"3,5-dimethylphenol",Cc1cc(cc(c1)O)C,-6.27,-5.444
5,"2,3-dimethylbutane",CC(C)C(C)C,2.34,2.468
6,"1,2-dimethylcyclohexane",C[C@@H]1CCCC[C@@H]1C,1.58,1.685
7,butan-2-ol,CC[C@H](C)O,-4.62,-3.145
8,dibromomethane,C(Br)Br,-1.96,-0.405
9,2-ethylpyridine,CCc1ccccn1,-4.33,-3.31
10,ethyl pentanoate,CCCCC(=O)OCC,-2.49,-3.11
11,benzenethiol,c1ccc(cc1)S,-2.55,-1.501
12,indane,c1ccc2c(c1)CCC2,-1.46,-1.752
13,ethoxybenzene,CCOc1ccccc1,-2.22,-2.254
14,4-bromophenol,c1cc(ccc1O)Br,-5.85,-5.833
15,"2,2-dimethylpentane",CCCC(C)(C)C,2.88,2.686
16,2-acetoxyethyl acetate,CC(=O)OCCOC(=O)C,-6.34,-8.292
17,methyl cyclopropanecarboxylate,COC(=O)C1CC1,-4.1,-3.604
18,benzonitrile,c1ccc(cc1)C#N,-4.1,-3.238
19,pentanenitrile,CCCCC#N,-3.52,-2.147
20,2-methylpropan-2-ol,CC(C)(C)O,-4.47,-3.288
21,"2,4-dimethylpentan-3-one",CC(C)C(=O)C(C)C,-2.74,-2.629
22,propanal,CCC=O,-3.43,-3.148
23,"N,N-dimethylformamide",CN(C)C=O,-7.81,-6.932
24,p-xylene,Cc1ccc(cc1)C,-0.8,-0.658
25,"2-(2,3-dimethylphenyl)aminobenzoic acid",Cc1cccc(c1C)Nc2ccccc2C(=O)O,-6.78,-7.665
26,"N,N-dimethylbenzamide",CN(C)C(=O)c1ccccc1,-9.29,-8.113
27,N-ethylethanamine,CCNCC,-4.07,-2.986
28,4-tert-butylphenol,CC(C)(C)c1ccc(cc1)O,-5.91,-5.543
29,isopentyl formate,CC(C)CCOC=O,-2.13,-3.414
30,decan-1-ol,CCCCCCCCCCO,-3.64,-2.446
31,ethyl propanoate,CCC(=O)OCC,-2.68,-3.221
32,nonane,CCCCCCCCC,3.13,3.221
33,N-methylacetamide,CC(=O)NC,-10.0,-8.276
34,non-1-ene,CCCCCCCC=C,2.06,2.995
35,naphthalen-2-ol,c1ccc2cc(ccc2c1)O,-8.11,-7.849
36,"1,2,4-trichlorobenzene",c1cc(c(cc1Cl)Cl)Cl,-1.12,-0.117
37,"(2R,3R,4R,5R)-Hexan-1,2,3,4,5,6-hexol",C([C@H]([C@H]([C@@H]([C@@H](CO)O)O)O)O)O,-23.62,-18.162
38,methyl butanoate,CCCC(=O)OC,-2.83,-3.552
39,azetidine,C1CNC1,-5.56,-3.861
40,N-propylpropan-1-amine,CCCNCCC,-3.65,-2.233
41,aniline,c1ccc(cc1)N,-5.49,-5.543
42,tetrafluoromethane,C(F)(F)(F)F,3.12,2.489
43,2-methylbutan-1-ol,CC[C@@H](C)CO,-4.42,-2.995
44,2-iodophenol,c1ccc(c(c1)O)I,-6.2,-3.221
45,"2,6-dimethoxyphenol",COc1cccc(c1O)OC,-6.96,-7.393
46,but-1-yne,CCC#C,-0.16,0.284
47,trifluoromethylbenzene,c1ccc(cc1)C(F)(F)F,-0.25,-0.57
48,"2,3-dichlorodibenzo-p-dioxin",c1ccc2c(c1)Oc3cc(c(cc3O2)Cl)Cl,-3.56,-3.59
49,octan-1-amine,CCCCCCCCN,-3.65,-2.589
50,ammonia,N,-4.29,-4.018
51,"1,2-bis(trifluoromethyl)benzene",c1ccc(c(c1)C(F)(F)F)C(F)(F)F,1.07,-1.441
52,methyl paraben,COC(=O)c1ccc(cc1)O,-9.51,-9.785
53,pentylbenzene,CCCCCc1ccccc1,-0.23,-0.094
54,5-Amino-4-chloro-2-phenylpyridazin-3(2H)-one,c1ccc(cc1)n2c(=O)c(c(cn2)N)Cl,-16.43,-16.039
55,butadiene,C=CC=C,0.56,1.955
56,"N,N-dimethylmethanamine",CN(C)C,-3.2,-2.636
57,hexanamide,CCCCCC(=O)N,-9.31,-8.103
58,"1-(2-hydroxyethylamino)-9,10-anthraquinone",c1ccc2c(c1)C(=O)c3cccc(c3C2=O)NCCO,-14.21,-13.599
59,2-(nitrooxy)ethan-1-ol,C(CO[N+](=O)[O-])O,-8.18,-6.676
60,octan-2-one,CCCCCCC(=O)C,-2.88,-2.758
61,1-methylpiperazine,CN1CCNCC1,-7.77,-8.173
62,"9,10-dihydroanthracene",c1ccc2c(c1)Cc3ccccc3C2,-3.78,-4.304
63,"1,1-dichloroethane",CC(Cl)Cl,-0.84,0.187
64,acenaphthene,c1cc2cccc3c2c(c1)CC3,-3.15,-4.198
65,1-bromooctane,CCCCCCCCBr,0.52,1.352
66,5-bromouracil,c1c(c(=O)[nH]c(=O)[nH]1)Br,-18.17,-17.298
67,n-butane,CCCC,2.1,2.588
68,chloromethane,CCl,-0.55,0.764
69,1-bromo-2-methyl-propane,CC(C)CBr,-0.03,0.756
70,2-isopropylsulfanylpropane,CC(C)SC(C)C,-1.21,0.14
71,heptane,CCCCCCC,2.67,2.925
72,bromacil,CC[C@H](C)n1c(=O)c(c([nH]c1=O)C)Br,-9.73,-14.496
73,diiodomethane,C(I)I,-2.49,-1.882
74,"N,N-dipropyl(propylsulfanyl)formamide",CCCN(CCC)C(=O)SCCC,-4.13,-4.569
75,nitromethane,C[N+](=O)[O-],-4.02,-2.075
76,methoxyethane,CCOC,-2.1,-0.71
77,"2-chloro-1,1,1-trimethoxy-ethane",COC(CCl)(OC)OC,-4.59,-3.638
78,isobutane,CC(C)C,2.3,2.535
79,3-methylbutanoic acid,CC(C)CC(=O)O,-6.09,-8.844
80,"2-chloro-1-(2,4-dichlorophenyl)ethenyl diethyl phosphate",CCOP(=O)(OCC)O/C(=C/Cl)/c1ccc(cc1Cl)Cl,-7.07,-9.029
81,1-chloropropane,CCCCl,-0.33,0.973
82,1-propylsulfanylpropane,CCCSCCC,-1.28,0.64
83,hexan-3-ol,CCC[C@H](CC)O,-4.06,-2.585
84,acetonitrile,CC#N,-3.88,-2.789
85,"N-methyl-N-(2,2,2-trifluoroethyl)aniline",CN(CC(F)(F)F)c1ccccc1,-1.92,-3.964
86,"2-chloro-2-(difluoromethoxy)-1,1,1-trifluoro-ethane",[C@@H](C(F)(F)F)(OC(F)F)Cl,0.1,-1.156
87,"hexa-1,5-diene",C=CCCC=C,1.01,2.487
88,m-xylene,Cc1cccc(c1)C,-0.83,-0.697
89,methyl acetate,CC(=O)OC,-3.13,-3.83
90,trimethoxymethylbenzene,COC(c1ccccc1)(OC)OC,-4.04,-5.559
91,ethyl benzoate,CCOC(=O)c1ccccc1,-3.64,-4.597
92,propanethiol,CCCS,-1.1,-0.182
93,heptan-2-one,CCCCCC(=O)C,-3.04,-2.945
94,carbofuran,CC1(Cc2cccc(c2O1)OC(=O)NC)C,-9.61,-11.126
95,benzyl bromide,c1ccc(cc1)CBr,-2.38,-1.853
96,ethyl hexanoate,CCCCCC(=O)OCC,-2.23,-2.929
97,4-methylmorpholine,CN1CCOCC1,-6.32,-5.774
98,"1,2,4,5-tetrachloro-3-(3,4-dichlorophenyl)benzene",c1cc(c(cc1c2c(c(cc(c2Cl)Cl)Cl)Cl)Cl)Cl,-4.38,-0.705
99,caffeine,Cn1cnc2c1c(=O)n(c(=O)n2C)C,-12.64,-17.621
100,N-methylmethanamine,CNC,-4.29,-2.991
101,"1,1,2,3,3,3-hexafluoroprop-1-ene",C(=C(F)F)(C(F)(F)F)F,2.93,2.305
102,piperidine,C1CCNCC1,-5.11,-3.873
103,phenanthrene,c1ccc2c(c1)ccc3c2cccc3,-3.88,-5.264
104,iodomethane,CI,-0.89,-0.641
105,"3,5-dichloro-2,6-dimethoxyphenol",COc1c(cc(c(c1O)OC)Cl)Cl,-6.44,-5.98
106,"(E)-1,2-dichloroethylene",C(=C/Cl)\Cl,-0.78,1.024
107,n-pentane,CCCCC,2.3,2.673
108,butanenitrile,CCCC#N,-3.64,-2.287
109,2-isobutylpyrazine,CC(C)Cc1cnccn1,-5.04,-5.495
110,"1,2,3,4-tetrachloro-5-phenyl-benzene",c1ccc(cc1)c2cc(c(c(c2Cl)Cl)Cl)Cl,-3.48,-1.31
111,"2,3-dimethylpentane",CC[C@@H](C)C(C)C,2.52,2.625
112,4-methylpentan-2-ol,C[C@H](CC(C)C)O,-3.73,-2.907
113,"1,2,3,4-tetrachloro-5-(3,4,5-trichlorophenyl)benzene",c1c(cc(c(c1Cl)Cl)Cl)c2cc(c(c(c2Cl)Cl)Cl)Cl,-3.17,-0.822
114,"1,1-dichloroethylene",C=C(Cl)Cl,0.25,1.108
115,2-methylpropan-1-ol,CC(C)CO,-4.5,-3.13
116,propyl propanoate,CCCOC(=O)CC,-2.44,-2.453
117,hexachloroethane,C(C(Cl)(Cl)Cl)(Cl)(Cl)Cl,-0.64,0.885
118,methylsulfanylbenzene,CSc1ccccc1,-2.73,-1.325
119,2-ethylphenol,CCc1ccccc1O,-5.66,-4.768
120,2-chloro-2-methyl-propane,CC(C)(C)Cl,1.09,0.826
121,isoprene,CC(=C)C=C,0.68,1.824
122,1-isopropyl-4-methyl-benzene,Cc1ccc(cc1)C(C)C,-0.68,-0.456
123,1-methylimidazole,Cn1ccnc1,-8.41,-6.282
124,ethylene glycol,C(CO)O,-9.3,-7.266
125,6-chlorouracil,c1c(=O)[nH]c(=O)[nH]c1Cl,-15.83,-15.128
126,2-chlorodibenzo-p-dioxin,c1ccc2c(c1)Oc3ccc(cc3O2)Cl,-3.1,-4.054
127,hexanoic acid,CCCCCC(=O)O,-6.21,-7.878
128,"2,4-dimethylpyridine",Cc1ccnc(c1)C,-4.86,-3.282
129,cyclohexene,C1CCC=CC1,0.14,1.175
130,"1,2,3,4-tetrachloro-5-(3,4-dichlorophenyl)benzene",c1cc(c(cc1c2cc(c(c(c2Cl)Cl)Cl)Cl)Cl)Cl,-3.04,-1.083
131,quinone,C1=CC(=O)C=CC1=O,-6.5,-6.96
132,methyl 2-chloroacetate,COC(=O)CCl,-4.0,-3.816
133,butanal,CCCC=O,-3.18,-3.044
134,ethylbenzene,CCc1ccccc1,-0.79,-0.606
135,"1,1,2-trichloroethylene",C(=C(Cl)Cl)Cl,-0.44,0.818
136,cyanuric acid,c1(=O)[nH]c(=O)[nH]c(=O)[nH]1,-18.06,-21.762
137,2-chloropyridine,c1ccnc(c1)Cl,-4.39,-3.873
138,3-chloroprop-1-ene,C=CCCl,-0.57,0.944
139,1-(p-tolyl)ethanone,Cc1ccc(cc1)C(=O)C,-4.7,-4.91
140,formaldehyde,C=O,-2.75,-3.155
141,1-pyrrolidin-1-ylethanone,CC(=O)N1CCCC1,-9.8,-7.831
142,"1,1,1-trimethoxyethane",CC(OC)(OC)OC,-4.42,-3.7
143,butylbenzene,CCCCc1ccccc1,-0.4,-0.227
144,"N,N-dimethylaniline",CN(C)c1ccccc1,-3.45,-4.426
145,"1,2,3,4,5-pentachloro-6-(2,3,4,5,6-pentachlorophenyl)benzene",c1(c(c(c(c(c1Cl)Cl)Cl)Cl)Cl)c2c(c(c(c(c2Cl)Cl)Cl)Cl)Cl,-2.98,0.76
146,"1,1,2-trichloroethane",C(C(Cl)Cl)Cl,-1.99,-0.384
147,N-methylaniline,CNc1ccccc1,-4.69,-5.719
148,isopropyl acetate,CC(C)OC(=O)C,-2.64,-3.371
149,benzene,c1ccccc1,-0.9,-0.806
150,"1,2,3-trichlorobenzene",c1cc(c(c(c1)Cl)Cl)Cl,-1.24,-0.51
151,"1,2,4-trichlorodibenzo-p-dioxin",c1ccc2c(c1)Oc3c(cc(c(c3O2)Cl)Cl)Cl,-4.05,-3.16
152,"2,3-dimethylbuta-1,3-diene",CC(=C)C(=C)C,0.4,1.862
153,hex-1-ene,CCCCC=C,1.58,2.628
154,hydrogen sulfide,S,-0.7,-1.135
155,"2-N-ethyl-6-(methylsulfanyl)-4-N-(propan-2-yl)-1,3,5-triazine-2,4-diamine",CCNc1nc(nc(n1)SC)NC(C)C,-7.65,-10.552
156,butyl paraben,CCCCOC(=O)c1ccc(cc1)O,-8.72,-8.771
157,hexyl acetate,CCCCCCOC(=O)C,-2.26,-2.219
158,cyclopentanone,C1CCC(=O)C1,-4.7,-3.889
159,pentanoic acid,CCCCC(=O)O,-6.16,-9.053
160,bromoethane,CCBr,-0.74,0.487
161,"2,6-dimethylnaphthalene",Cc1ccc2cc(ccc2c1)C,-2.63,-2.848
162,1-chloro-2-phenyl-benzene,c1ccc(cc1)c2ccccc2Cl,-2.69,-2.508
163,1-methylcyclohexene,CC1=CCCCC1,0.67,1.338
164,hexyl nitrate,CCCCCCO[N+](=O)[O-],-1.66,-1.596
165,bromoform,C(Br)(Br)Br,-2.13,-0.531
166,4-ethylphenol,CCc1ccc(cc1)O,-6.13,-5.453
167,2-propoxyethanol,CCCOCCO,-6.4,-3.94
168,5-iodouracil,c1c(c(=O)[nH]c(=O)[nH]1)I,-18.72,-17.742
169,butyric acid,CCCC(=O)O,-6.35,-9.434
170,"1,1,1-trifluoro-2,2,2-trimethoxyethane",COC(C(F)(F)F)(OC)OC,-0.8,-2.319
171,"(2S,3R,4S,5R)-oxane-2,3,4,5-tetrol",C1[C@H]([C@@H]([C@H]([C@H](O1)O)O)O)O,-20.52,-14.148
172,bromo-trifluoro-methane,C(F)(F)(F)Br,1.79,1.564
173,butan-1-ol,CCCCO,-4.72,-3.232
174,fluorobenzene,c1ccc(cc1)F,-0.8,-0.041
175,ethyl acetate,CCOC(=O)C,-2.94,-3.745
176,isobutyl 2-methylpropanoate,CC(C)COC(=O)C(C)C,-1.69,-2.58
177,heptachlor,C1=C[C@@H]([C@@H]2[C@H]1[C@@]3(C(=C([C@]2(C3(Cl)Cl)Cl)Cl)Cl)Cl)Cl,-2.55,-0.974
178,pentan-3-one,CCC(=O)CC,-3.41,-3.05
179,"methyl 2,2,2-trifluoroacetate",COC(=O)C(F)(F)F,-1.1,-1.353
180,"1,2,3,4-tetrachloro-5-(2,3,4-trichlorophenyl)benzene",c1cc(c(c(c1c2cc(c(c(c2Cl)Cl)Cl)Cl)Cl)Cl)Cl,-4.4,-0.805
181,acetylsalicylic acid,CC(=O)Oc1ccccc1C(=O)O,-9.94,-9.399
182,"3,3-dimethylbutan-2-one",CC(=O)C(C)(C)C,-3.11,-3.234
183,4-ethylpyridine,CCc1ccncc1,-4.73,-3.19
184,"2,7-dichlorodibenzo-p-dioxin",c1cc2c(cc1Cl)Oc3ccc(cc3O2)Cl,-3.67,-3.321
185,methylcyclopentane,CC1CCCC1,1.59,1.785
186,2-methyltetrahydrofuran,C[C@H]1CCCO1,-3.3,-1.984
187,naphthalen-1-yl N-methylcarbamate,CNC(=O)Oc1cccc2c1cccc2,-9.45,-10.436
188,anthracene,c1ccc2cc3ccccc3cc2c1,-3.95,-5.187
189,dichloromethane,C(Cl)Cl,-1.31,0.038
190,"methyl 2,2-dimethylpropanoate",CC(C)(C)C(=O)OC,-2.4,-3.304
191,trichloro(nitro)methane,C([N+](=O)[O-])(Cl)(Cl)Cl,-1.45,-0.379
192,sulfolane,C1CC[S+2](C1)([O-])[O-],-8.61,-9.624
193,"2,6-dimethylphenol",Cc1cccc(c1O)C,-5.26,-4.308
194,"1,4-diamino-9,10-anthracenedione",c1ccc2c(c1)C(=O)c3c(ccc(c3C2=O)N)N,-11.85,-15.252
195,nonan-2-one,CCCCCCCC(=O)C,-2.49,-2.563
196,butan-1-amine,CCCCN,-4.24,-2.961
197,ethyl butanoate,CCCC(=O)OCC,-2.49,-3.381
198,4-methylaniline,Cc1ccc(cc1)N,-5.57,-5.494
199,1-iodohexane,CCCCCCI,0.08,0.043
200,"1,1,2-trichloro-1,2,2-trifluoro-ethane",C(C(F)(Cl)Cl)(F)(F)Cl,1.77,1.691
201,trimethyl phosphate,COP(=O)(OC)OC,-8.7,-10.642
202,"1,3-dichlorobenzene",c1cc(cc(c1)Cl)Cl,-0.98,-0.11
203,"1,3-dimethylnaphthalene",Cc1cc(c2ccccc2c1)C,-2.47,-2.995
204,chlorpyrifos,CCOP(=S)(OCC)Oc1c(cc(c(n1)Cl)Cl)Cl,-5.04,-9.625
205,"2-chloro-1,1,1-trifluoro-ethane",C(C(F)(F)F)Cl,0.06,0.233
206,ethylene,C=C,1.28,2.328
207,1-iodopentane,CCCCCI,-0.14,-0.111
208,trimethoxymethane,COC(OC)OC,-4.42,-4.625
209,decane,CCCCCCCCCC,3.16,3.335
210,"1,2-dinitroxypropane",C[C@@H](CO[N+](=O)[O-])O[N+](=O)[O-],-4.95,-5.646
211,3-methyl-1H-indole,Cc1c[nH]c2c1cccc2,-5.88,-8.161
212,cyclohexane,C1CCCCC1,1.23,1.503
213,"(2E)-3,7-dimethylocta-2,6-dien-1-ol",CC(=CCC/C(=C/CO)/C)C,-4.45,-2.518
214,cumene,CC(C)c1ccccc1,-0.3,-0.674
215,"2,3,4-trimethylpentane",CC(C)C(C)C(C)C,2.56,2.674
216,3-methylbutan-2-one,CC(C)C(=O)C,-3.24,-3.078
217,N-butylbutan-1-amine,CCCCNCCCC,-3.24,-2.076
218,"1,2,3,4-tetrachlorodibenzo-p-dioxin",c1ccc2c(c1)Oc3c(c(c(c(c3Cl)Cl)Cl)Cl)O2,-3.81,-2.775
219,cyclohexanamine,C1CCC(CC1)N,-4.59,-3.953
220,chloro-difluoro-methane,C(F)(F)Cl,-0.5,-0.067
221,1-(3-pyridyl)ethanone,CC(=O)c1cccnc1,-8.26,-7.844
222,prop-1-yne,CC#C,-0.48,0.065
223,nonanal,CCCCCCCCC=O,-2.07,-2.336
224,propionic acid,CCC(=O)O,-6.46,-9.088
225,chloroform,C(Cl)(Cl)Cl,-1.08,0.285
226,"1,2,3-trimethylbenzene",Cc1cccc(c1C)C,-1.21,-0.883
227,methane,C,2.0,2.446
228,pyridine,c1ccncc1,-4.69,-3.508
229,"2,5-dimethyltetrahydrofuran",C[C@H]1CC[C@@H](O1)C,-2.92,-1.787
230,4-methyl-2-methoxyphenol,Cc1ccc(c(c1)OC)O,-5.8,-4.547
231,chlordane,C1[C@H]([C@@H]2[C@H]([C@H]1Cl)[C@]3(C(=C([C@@]2(C3(Cl)Cl)Cl)Cl)Cl)Cl)Cl,-3.44,-3.23
232,toluene,Cc1ccccc1,-0.9,-0.79
233,isobutyl formate,CC(C)COC=O,-2.22,-3.458
234,ethyl paraben,CCOC(=O)c1ccc(cc1)O,-9.2,-9.535
235,"1,2-diethoxyethane",CCOCCOCC,-3.54,-3.42
236,pentyl propanoate,CCCCCOC(=O)CC,-2.11,-2.176
237,4-propylphenol,CCCc1ccc(cc1)O,-5.21,-5.211
238,2-methylbut-2-ene,CC=C(C)C,1.31,2.272
239,"1,2-dichloroethane",C(CCl)Cl,-1.79,-0.363
240,"3,3-dimethylpentane",CCC(C)(C)CC,2.56,2.593
241,"2,6-dimethylpyridine",Cc1cccc(n1)C,-4.59,-3.443
242,"2,2-dichloro-1,1-difluoro-1-methoxy-ethane",COC(C(Cl)Cl)(F)F,-1.12,-0.685
243,2-ethoxyethyl acetate,CCOCCOC(=O)C,-5.31,-5.751
244,pyridine-3-carbaldehyde,c1cc(cnc1)C=O,-7.1,-7.425
245,2-methylbutan-2-ol,CCC(C)(C)O,-4.43,-2.933
246,1-methylpyrrole,Cn1cccc1,-2.89,-2.374
247,dimethoxymethane,COCOC,-2.93,-3.221
248,pentan-3-ol,CCC(CC)O,-4.35,-2.786
249,undecan-2-one,CCCCCCCCCC(=O)C,-2.15,-2.201
250,1-bromo-2-chloro-ethane,C(CBr)Cl,-1.95,-0.8
251,"3,5,5-trimethylcyclohex-2-en-1-one",CC1=CC(=O)CC(C1)(C)C,-5.18,-4.088
252,iodoethane,CCI,-0.74,-0.609
253,4-propylguaiacol,CCCc1ccc(c(c1)OC)O,-5.26,-4.127
254,2-bromopropane,CC(C)Br,-0.48,0.448
255,1-bromo-4-methyl-benzene,Cc1ccc(cc1)Br,-1.39,-0.894
256,4-hydroxybenzonitrile,c1cc(ccc1C#N)O,-10.17,-8.39
257,methylsulfonylmethane,CS(=O)(=O)C,-10.08,-10.559
258,3-ethylphenol,CCc1cccc(c1)O,-6.25,-5.272
259,"(1S,5R)-2-methyl-5-(1-methylethenyl)-2-cyclohexen-1-ol",CC1=CC[C@H](C[C@@H]1O)C(=C)C,-4.44,-3.257
260,"1,4-dibromobenzene",c1cc(ccc1Br)Br,-2.3,-1.091
261,dicamba,COc1c(ccc(c1C(=O)O)Cl)Cl,-9.86,-8.658
262,pent-2-ene,CC/C=C\C,1.31,2.374
263,ethane,CC,1.83,2.465
264,"1,2-dimethoxybenzene",COc1ccccc1OC,-5.33,-4.055
265,pyridine-3-carbonitrile,c1cc(cnc1)C#N,-6.75,-5.582
266,"3,4-dichlorophenol",c1cc(c(cc1O)Cl)Cl,-7.29,-5.139
267,anisole,COc1ccccc1,-2.45,-2.318
268,"2,5-dimethylphenol",Cc1ccc(c(c1)O)C,-5.91,-5.014
269,"1,4-dichlorobenzene",c1cc(ccc1Cl)Cl,-1.01,-0.19
270,chloro-fluoro-methane,C(F)Cl,-0.77,-0.171
271,pent-1-ene,CCCC=C,1.68,2.532
272,"1,2,3,4-tetrachlorobenzene",c1cc(c(c(c1Cl)Cl)Cl)Cl,-1.34,-0.304
273,hept-1-yne,CCCCCC#C,0.6,0.639
274,decan-2-one,CCCCCCCCC(=O)C,-2.34,-2.573
275,[2-benzhydryloxyethyl]-dimethyl-amine,CN(C)CCOC(c1ccccc1)c2ccccc2,-9.34,-7.873
276,cyclohexanone,C1CCC(=O)CC1,-4.91,-4.18
277,pyridine-4-carbaldehyde,c1cnccc1C=O,-7.0,-7.338
278,1-chloro-2-(2-chloroethoxy)ethane,C(CCl)OCCCl,-4.23,-2.248
279,3-chloropyridine,c1cc(cnc1)Cl,-4.01,-2.767
280,bromomethane,CBr,-0.82,0.46
281,methanol,CO,-5.1,-3.491
282,"1,3-dichloro-2-(2,6-dichlorophenyl)benzene",c1cc(c(c(c1)Cl)c2c(cccc2Cl)Cl)Cl,-2.28,-1.226
283,1-methylpiperidine,CN1CCCCC1,-3.88,-3.467
284,octanal,CCCCCCCC=O,-2.29,-2.57
285,"(2S,5R)-2-isopropyl-5-methylcyclohexanone",C[C@@H]1CC[C@H](C(=O)C1)C(C)C,-2.53,-3.523
286,"(2R,3R,4S,5S,6R)-6-(hydroxymethyl)tetrahydropyran-2,3,4,5-tetrol",C([C@@H]1[C@H]([C@@H]([C@H]([C@@H](O1)O)O)O)O)O,-25.47,-18.095
287,fluoromethane,CF,-0.22,0.881
288,dibenzo-p-dioxin,c1ccc2c(c1)Oc3ccccc3O2,-3.15,-4.9
289,2-methylaniline,Cc1ccccc1N,-5.53,-5.325
290,1-bromobutane,CCCCBr,-0.4,0.705
291,4-methylpyridine,Cc1ccncc1,-4.93,-3.343
292,"1,1,2,2-tetrachloroethylene",C(=C(Cl)Cl)(Cl)Cl,0.1,1.328
293,2-bromo-2-methyl-propane,CC(C)(C)Br,0.84,0.438
294,"1,1-diphenylethene",C=C(c1ccccc1)c2ccccc2,-2.78,-2.47
295,3-methylpyridine,Cc1cccnc1,-4.77,-3.221
296,"1,1,1,2-tetramethoxyethane",COCC(OC)(OC)OC,-5.73,-5.436
297,9H-fluorene,c1ccc-2c(c1)Cc3c2cccc3,-3.35,-4.269
298,acetamide,CC(=O)N,-9.71,-8.82
299,dimethyl sulfate,COS(=O)(=O)OC,-5.1,-8.411
300,methyl cyclohexanecarboxylate,COC(=O)C1CCCCC1,-3.3,-4.376
301,1-bromohexane,CCCCCCBr,0.18,1.076
302,1-chlorodibenzo-p-dioxin,c1ccc2c(c1)Oc3cccc(c3O2)Cl,-3.52,-4.473
303,"3,3,3-trimethoxypropanenitrile",COC(CC#N)(OC)OC,-6.4,-5.859
304,2-chlorobutane,CC[C@H](C)Cl,0.0,0.927
305,hexylbenzene,CCCCCCc1ccccc1,-0.04,-0.1
306,2-chlorosyringaldehyde,COc1cc(c(c(c1O)OC)Cl)C=O,-7.78,-8.292
307,m-bis(trifluoromethyl)benzene,c1cc(cc(c1)C(F)(F)F)C(F)(F)F,1.07,-0.34
308,1-benzylimidazole,c1ccc(cc1)Cn2ccnc2,-7.63,-7.997
309,naphthalen-1-amine,c1ccc2c(c1)cccc2N,-7.28,-7.777
310,cyclohexanol,C1CCC(CC1)O,-5.46,-4.178
311,Amitriptyline,CN(C)CCC=C1c2ccccc2CCc3c1cccc3,-7.43,-7.349
312,4-fluorophenol,c1cc(ccc1O)F,-6.19,-4.955
313,2-chloroaniline,c1ccc(c(c1)N)Cl,-4.91,-4.847
314,"1,2,4-trimethylbenzene",Cc1ccc(c(c1)C)C,-0.86,-0.795
315,biphenyl,c1ccc(cc1)c2ccccc2,-2.7,-3.143
316,"2,3-dimethylphenol",Cc1cccc(c1C)O,-6.16,-5.148
317,methylparathion,COP(=S)(OC)Oc1ccc(cc1)[N+](=O)[O-],-7.19,-10.466
318,diethoxy-(4-nitrophenoxy)-thioxo-$l^{5}-phosphane,CCOP(=S)(OCC)Oc1ccc(cc1)[N+](=O)[O-],-6.74,-9.211
319,"1-N,1-N-diethyl-2,6-dinitro-4-(trifluoromethyl)benzene-1,3-diamine",CCN(CC)c1c(cc(c(c1[N+](=O)[O-])N)C(F)(F)F)[N+](=O)[O-],-5.66,-7.503
320,cyclopentanol,C1CCC(C1)O,-5.49,-4.29
321,methyl pentanoate,CCCCC(=O)OC,-2.56,-3.492
322,flurbiprofen,C[C@@H](c1ccc(c(c1)F)c2ccccc2)C(=O)O,-8.42,-13.953
323,nitralin,CCCN(CCC)c1c(cc(cc1[N+](=O)[O-])S(=O)(=O)C)[N+](=O)[O-],-7.98,-11.246
324,chloroethylene,C=CCl,-0.59,1.162
325,"N,N-4-trimethylbenzamide",Cc1ccc(cc1)C(=O)N(C)C,-9.76,-8.081
326,heptan-4-one,CCCC(=O)CCC,-2.92,-2.704
327,methyl benzoate,COC(=O)c1ccccc1,-3.92,-4.921
328,4-methylbenzaldehyde,Cc1ccc(cc1)C=O,-4.27,-5.014
329,propyl butanoate,CCCC(=O)OCCC,-2.28,-2.754
330,piperazine,C1CNCCN1,-7.4,-8.481
331,dialifor,CCOP(=S)(OCC)S[C@@H](CCl)N1C(=O)c2ccccc2C1=O,-5.74,-16.515
332,2-ethoxyethanol,CCOCCO,-6.69,-4.407
333,2-methylpyrazine,Cc1cnccn1,-5.51,-6.161
334,1-nitropropane,CCC[N+](=O)[O-],-3.34,-1.632
335,5-fluorouracil,c1c(c(=O)[nH]c(=O)[nH]1)F,-16.92,-16.371
336,ethanol,CCO,-5.0,-3.394
337,"2,3,7,8-tetrachlorodibenzo-p-dioxin",c1c2c(cc(c1Cl)Cl)Oc3cc(c(cc3O2)Cl)Cl,-3.37,-2.54
338,dichlobenil,c1cc(c(c(c1)Cl)C#N)Cl,-4.71,-3.32
339,ethyl formate,CCOC=O,-2.56,-3.867
340,"1,2,4,5-tetrachlorobenzene",c1c(c(cc(c1Cl)Cl)Cl)Cl,-1.34,0.035
341,diethoxymethoxybenzene,CCOC(OCC)Oc1ccccc1,-5.23,-5.203
342,3-nitrophenol,c1cc(cc(c1)O)[N+](=O)[O-],-9.62,-7.889
343,octan-1-ol,CCCCCCCCO,-4.09,-2.69
344,but-1-ene,CCC=C,1.38,2.367
345,carbon tetrachloride,C(Cl)(Cl)(Cl)Cl,0.08,1.185
346,2-phenylethanol,c1ccc(cc1)CCO,-6.79,-5.28
347,fenuron,CN(C)C(=O)Nc1ccccc1,-9.13,-11.81
348,captan,C1C=CC[C@@H]2[C@@H]1C(=O)N(C2=O)SC(Cl)(Cl)Cl,-9.01,-8.718
349,"2,3-diacetoxypropyl acetate",CC(=O)OCC(COC(=O)C)OC(=O)C,-8.84,-12.333
350,methoxymethane,COC,-1.91,-0.853
351,hexane,CCCCCC,2.48,2.851
352,"1,2-dibromoethane",C(CBr)Br,-2.33,-1.275
353,5-trifluoromethyluracil,c1c(c(=O)[nH]c(=O)[nH]1)C(F)(F)F,-15.46,-17.349
354,"2,6-dimethylaniline",Cc1cccc(c1N)C,-5.21,-5.57
355,quinoline,c1ccc2c(c1)cccn2,-5.72,-4.989
356,ethanethiol,CCS,-1.14,-0.395
357,thiophene,c1ccsc1,-1.4,-0.359
358,1-ethylnaphthalene,CCc1cccc2c1cccc2,-2.4,-2.961
359,profluralin,CCC[N@@](CC1CC1)c2c(cc(cc2[N+](=O)[O-])C(F)(F)F)[N+](=O)[O-],-2.45,-1.956
360,acetic acid,CC(=O)O,-6.69,-7.281
361,acetaldehyde,CC=O,-3.5,-3.372
362,3-nitroaniline,c1cc(cc(c1)[N+](=O)[O-])N,-8.84,-8.204
363,hex-1-yne,CCCCC#C,0.29,0.553
364,2-methoxyaniline,COc1ccccc1N,-6.12,-6.771
365,phenol,c1ccc(cc1)O,-6.6,-5.707
366,propanenitrile,CCC#N,-3.84,-2.491
367,naphthalen-1-ol,c1ccc2c(c1)cccc2O,-7.67,-7.137
368,butyl acetate,CCCCOC(=O)C,-2.64,-3.406
369,aldicarb,CC(C)(/C=N\OC(=O)NC)SC,-9.84,-9.679
370,o-cresol,Cc1ccccc1O,-5.9,-5.076
371,2-methylpropanal,CC(C)C=O,-2.86,-2.968
372,propionamide,CCC(=O)N,-9.4,-8.31
373,1-bromopropane,CCCBr,-0.56,0.579
374,2-chloropropane,CC(C)Cl,-0.25,0.833
375,"1,3-dichloropropane",C(CCl)CCl,-1.89,-0.416
376,4-nitrophenol,c1cc(ccc1[N+](=O)[O-])O,-10.64,-8.472
377,"1,2-dichloropropane",C[C@@H](CCl)Cl,-1.27,-0.265
378,pyridine-4-carbonitrile,c1cnccc1C#N,-6.02,-5.765
379,1-cyclohexylethanone,CC(=O)C1CCCCC1,-3.9,-4.003
380,"1,2,3,4,7,8-hexachlorodibenzo-p-dioxin",c1c2c(cc(c1Cl)Cl)Oc3c(c(c(c(c3Cl)Cl)Cl)Cl)O2,-3.71,-1.878
381,acetone,CC(=O)C,-3.8,-3.506
382,"1,2,3-trichloro-5-(2,5-dichlorophenyl)benzene",c1cc(c(cc1Cl)c2cc(c(c(c2)Cl)Cl)Cl)Cl,-3.61,-0.922
383,1-nitropentane,CCCCC[N+](=O)[O-],-2.82,-1.325
384,(2E)-hex-2-enal,CCC/C=C/C=O,-3.68,-3.123
385,tetrahydrofuran,C1CCOC1,-3.47,-2.201
386,octane,CCCCCCCC,2.88,3.088
387,trifluralin,CCCN(CCC)c1c(cc(cc1[N+](=O)[O-])C(F)(F)F)[N+](=O)[O-],-3.25,-2.023
388,"(3R)-3,7-Dimethylocta-1,6-dien-3-yl acetate",CC(=CCC[C@](C)(C=C)OC(=O)C)C,-2.49,-2.964
389,"1,3-bis-(nitrooxy)butane",C[C@@H](CCO[N+](=O)[O-])O[N+](=O)[O-],-4.29,-4.944
390,2-isopropoxypropane,CC(C)OC(C)C,-0.53,-0.178
391,2-methylhexane,CCCCC(C)C,2.93,2.894
392,pentachloronitrobenzene,c1(c(c(c(c(c1Cl)Cl)Cl)Cl)Cl)N(=O)=O,-5.22,-1.284
393,"2-bromo-2-chloro-1,1,1-trifluoro-ethane",[C@@H](C(F)(F)F)(Cl)Br,-0.11,0.206
394,pentylcyclopentane,CCCCCC1CCCC1,2.55,2.381
395,"2,5-dimethylpyridine",Cc1ccc(nc1)C,-4.72,-3.165
396,but-2-enal,C/C=C/C=O,-4.22,-3.341
397,"1,3,5-trichloro-2-(2,6-dichlorophenyl)benzene",c1cc(c(c(c1)Cl)c2c(cc(cc2Cl)Cl)Cl)Cl,-1.96,-0.477
398,"1,2,2-trifluoroethoxybenzene",c1ccc(cc1)O[C@@H](C(F)F)F,-1.29,-3.043
399,"1,2-dimethoxyethane",COCCOC,-4.84,-3.103
400,sec-butylbenzene,CC[C@H](C)c1ccccc1,-0.45,-0.22
401,3-phenylpropan-1-ol,c1ccc(cc1)CCCO,-6.92,-5.771
402,"2-[(1R)-1-methylpropyl]-4,6-dinitro-phenolate",CC[C@@H](C)c1cc(cc(c1O)[N+](=O)[O-])[N+](=O)[O-],-6.23,-5.378
403,methyl 4-methoxybenzoate,COc1ccc(cc1)C(=O)OC,-5.33,-6.462
404,"N-(3,4-dichlorophenyl)propanimidic acid",CCC(=O)Nc1ccc(c(c1)Cl)Cl,-7.78,-9.409
405,octafluorocyclobutane,C1(C(C(C1(F)F)(F)F)(F)F)(F)F,3.43,3.077
406,isopentyl acetate,CC(C)CCOC(=O)C,-2.21,-3.067
407,1-chlorohexane,CCCCCCCl,0.0,1.261
408,4-methylpentan-2-one,CC(C)CC(=O)C,-3.05,-3.116
409,hexanal,CCCCCC=O,-2.81,-2.86
410,morpholine,C1COCCN1,-7.17,-6.116
411,"1,1-diethoxyethane",CCOC(C)OCC,-3.28,-1.795
412,"N-butyl-N-ethyl-2,6-dinitro-4-(trifluoromethyl)aniline",CCCC[N@](CC)c1c(cc(cc1[N+](=O)[O-])C(F)(F)F)[N+](=O)[O-],-3.51,-2.303
413,endosulfan alpha,C1[C@@H]2[C@H](COS(=O)O1)[C@@]3(C(=C([C@]2(C3(Cl)Cl)Cl)Cl)Cl)Cl,-4.23,-9.785
414,1-(4-methoxyphenyl)ethanone,CC(=O)c1ccc(cc1)OC,-4.4,-6.575
415,prop-2-en-1-ol,C=CCO,-5.03,-3.286
416,methylsulfanylethane,CCSC,-1.5,0.386
417,pentyl acetate,CCCCCOC(=O)C,-2.51,-2.565
418,"1,2,3,5-tetrachlorobenzene",c1c(cc(c(c1Cl)Cl)Cl)Cl,-1.62,0.136
419,1-phenylethanone,CC(=O)c1ccccc1,-4.58,-5.078
420,propylcyclopentane,CCCC1CCCC1,2.13,2.102
421,"1,3,5-trichlorobenzene",c1c(cc(cc1Cl)Cl)Cl,-0.78,0.326
422,propyl paraben,CCCOC(=O)c1ccc(cc1)O,-9.37,-8.945
423,3-chlorophenol,c1cc(cc(c1)Cl)O,-6.62,-5.018
424,3-methylbutan-1-ol,CC(C)CCO,-4.42,-3.237
425,terbacil,Cc1c(c(=O)n(c(=O)[nH]1)C(C)(C)C)Cl,-11.14,-13.769
426,"2,2,5-trimethylhexane",CC(C)CCC(C)(C)C,2.93,2.97
427,endrin,C1[C@@H]2[C@H]3[C@@H]([C@H]1[C@H]4[C@@H]2O4)[C@@]5(C(=C([C@]3(C5(Cl)Cl)Cl)Cl)Cl)Cl,-4.82,-5.179
428,benzamide,c1ccc(cc1)C(=O)N,-11.0,-10.412
429,2-nitropropane,CC(C)[N+](=O)[O-],-3.13,-1.741
430,glycerol,C(C(CO)O)O,-13.43,-10.14
431,1-iodopropane,CCCI,-0.53,-0.443
432,2-methoxyethanamine,COCCN,-6.55,-5.027
433,"1,1,1,2-tetrachloroethane",C(C(Cl)(Cl)Cl)Cl,-1.43,-0.091
434,"3,5-dimethylpyridine",Cc1cc(cnc1)C,-4.84,-2.869
435,2-methoxyethanol,COCCO,-6.619999999999999,-4.686
436,methyl formate,COC=O,-2.78,-4.028
437,naphthalen-2-amine,c1ccc2cc(ccc2c1)N,-7.47,-8.003
438,4-methyl-1H-imidazole,Cc1c[nH]cn1,-10.27,-8.205
439,1-methyl-3-nitro-benzene,Cc1cccc(c1)[N+](=O)[O-],-3.45,-3.278
440,"1,4-dichlorobutane",C(CCCl)CCl,-2.32,-0.404
441,nitroxyacetone,CC(=O)CO[N+](=O)[O-],-5.99,-5.362
442,tert-butylbenzene,CC(C)(C)c1ccccc1,-0.44,-0.803
443,methyl hexanoate,CCCCCC(=O)OC,-2.49,-3.299
444,"1,1,1-trifluoropropan-2-ol",C[C@@H](C(F)(F)F)O,-4.16,-3.518
445,1-bromo-pentane,CCCCCBr,-0.1,0.824
446,6-isopropyl-3-methyl-1-cyclohex-2-enone,CC1=CC(=O)[C@@H](CC1)C(C)C,-4.51,-3.825
447,propan-2-ol,CC(C)O,-4.74,-3.427
448,hexan-1-amine,CCCCCCN,-3.95,-2.772
449,3-nitrooxypropyl nitrate,C(CO[N+](=O)[O-])CO[N+](=O)[O-],-4.8,-5.322
450,"2,4-dimethylphenol",Cc1ccc(c(c1)C)O,-6.01,-4.98
451,pentan-1-ol,CCCCCO,-4.57,-3.054
452,pentan-2-ol,CCC[C@@H](C)O,-4.39,-2.945
453,3-methylheptane,CCCC[C@@H](C)CC,2.97,3.03
454,ibuprofen,C[C@@H](c1ccc(cc1)CC(C)C)C(=O)O,-7.0,-10.857
455,diethyl (2R)-2-dimethoxyphosphinothioylsulfanylbutanedioate,CCOC(=O)C[C@H](C(=O)OCC)SP(=S)(OC)OC,-8.15,-11.194
456,"3,4-dimethylphenol",Cc1ccc(cc1C)O,-6.5,-5.471
457,4-chloro-3-methyl-phenol,Cc1cc(ccc1Cl)O,-6.79,-5.14
458,hept-2-ene,CCCC/C=C/C,1.68,2.78
459,terbutryn,CCNc1nc(nc(n1)SC)NC(C)(C)C,-6.68,-9.271
460,"2,2,4-trimethylpentane",CC(C)CC(C)(C)C,2.89,2.542
461,nonan-5-one,CCCCC(=O)CCCC,-2.64,-2.364
462,pebulate,CCCCN(CC)C(=O)SCCC,-3.64,-4.573
463,hept-1-ene,CCCCCC=C,1.66,2.761
464,isopropyl formate,CC(C)OC=O,-2.02,-3.591
465,5-chlorouracil,c1c(c(=O)[nH]c(=O)[nH]1)Cl,-17.74,-16.612
466,isopropenylbenzene,CC(=C)c1ccccc1,-1.24,-0.651
467,isopentane,CCC(C)C,2.38,2.59
468,butyl nitrate,CCCCO[N+](=O)[O-],-2.09,-1.938
469,bromobenzene,c1ccc(cc1)Br,-1.46,-0.947
470,"1,1,1-trichloroethane",CC(Cl)(Cl)Cl,-0.19,0.505
471,4-(1-Methylethenyl)-1-cyclohexene-1-carboxaldehyde,CC(=C)[C@H]1CCC(=CC1)C=O,-4.09,-3.591
472,1-methyl-2-nitro-benzene,Cc1ccccc1[N+](=O)[O-],-3.58,-3.133
473,1-iodoheptane,CCCCCCCI,0.27,0.228
474,pyrene,c1cc2ccc3cccc4c3c2c(c1)cc4,-4.52,-6.79
475,1-chloro-pentane,CCCCCCl,-0.1,1.084
476,isobutyl acetate,CC(C)COC(=O)C,-2.36,-2.896
477,"2,2-dimethylbutane",CCC(C)(C)C,2.51,2.495
478,4-nitroaniline,c1cc(ccc1N)N(=O)=O,-9.82,-9.416
479,methyl 2-cyanoacetate,COC(=O)CC#N,-6.72,-6.36
480,4-methoxyaniline,COc1ccc(cc1)N,-7.48,-7.016
481,"1,3,5-trichloro-2-phenyl-benzene",c1ccc(cc1)c2c(cc(cc2Cl)Cl)Cl,-2.16,-1.151
482,methanamine,CN,-4.55,-3.583
483,"2-amino-9,10-anthraquinone",c1ccc2c(c1)C(=O)c3ccc(cc3C2=O)N,-11.53,-13.895
484,"(Z)-1,2-dichloroethylene",C(=C\Cl)\Cl,-1.17,1.156
485,hexan-2-one,CCCCC(=O)C,-3.28,-3.006
486,"1,2-dinitroxyethane",C(CO[N+](=O)[O-])O[N+](=O)[O-],-5.73,-6.227
487,2-fluorophenol,c1ccc(c(c1)O)F,-5.29,-3.346
488,pirimor,Cc1c(nc(nc1OC(=O)N(C)C)N(C)C)C,-9.41,-13.87
489,styrene,C=Cc1ccccc1,-1.24,-1.078
490,triethylphosphate,CCOP(=O)(OCC)OCC,-7.5,-10.251
491,"2,2,2-trifluoroethanol",C(C(F)(F)F)O,-4.31,-3.809
492,1-butoxy-2-propanol,CCCCOC[C@H](C)O,-5.73,-3.891
493,propan-1-ol,CCCO,-4.85,-3.33
494,o-xylene,Cc1ccccc1C,-0.9,-0.851
495,neopentane,CC(C)(C)C,2.51,2.506
496,pent-1-yne,CCCC#C,0.01,0.47
497,phthalimide,c1ccc2c(c1)C(=O)NC2=O,-9.61,-11.825
498,1-iodobutane,CCCCI,-0.25,-0.223
499,p-cresol,Cc1ccc(cc1)O,-6.13,-5.579
500,2-iodopropane,CC(C)I,-0.46,-0.492
501,cyclopentene,C1CC=CC1,0.56,1.23
502,111-trifluoropropan-2-ol,C[C@H](C(F)(F)F)O,-4.2,-3.486
503,propan-1-amine,CCCN,-4.39,-3.053
504,2-nitrophenol,c1ccc(c(c1)[N+](=O)[O-])O,-4.58,-5.667
505,1-methylnaphthalene,Cc1cccc2c1cccc2,-2.44,-3.212
506,hexachlorobenzene,c1(c(c(c(c(c1Cl)Cl)Cl)Cl)Cl)Cl,-2.33,0.379
507,oct-2-enal,CCCCC/C=C/C=O,-3.43,-2.706
508,oct-1-yne,CCCCCCC#C,0.71,0.832
509,diazinon,CCOP(=S)(OCC)Oc1cc(nc(n1)C(C)C)C,-6.48,-10.753
510,pyrrolidine,C1CCNC1,-5.48,-4.278
511,4-hydroxybenzaldehyde,c1cc(ccc1C=O)O,-8.83,-10.05
512,2-methylpentan-2-ol,CCCC(C)(C)O,-3.92,-2.779
513,ethion,CCOP(=S)(OCC)SCSP(=S)(OCC)OCC,-6.1,-10.644
514,"penta-1,4-diene",C=CCC=C,0.93,2.357
515,2-hydroxybenzaldehyde,c1ccc(c(c1)C=O)O,-4.68,-8.809
516,simazine,CCNc1nc(nc(n1)Cl)NCC,-10.22,-10.914
517,"1,1-difluoroethane",CC(F)F,-0.11,0.226
518,ethanamine,CCN,-4.5,-3.156
519,3-methoxyphenol,COc1cccc(c1)O,-7.66,-6.969
520,imidazole,c1cnc[nH]1,-9.63,-7.972
521,3-hydroxybenzonitrile,c1cc(cc(c1)O)C#N,-9.65,-7.739
522,4-chlorophenol,c1cc(ccc1O)Cl,-7.03,-5.373
523,[(2S)-butan-2-yl] nitrate,CC[C@H](C)O[N+](=O)[O-],-1.82,-1.864
524,"1,4-dichloro-2-phenyl-benzene",c1ccc(cc1)c2cc(ccc2Cl)Cl,-2.46,-1.903
525,cyclopropane,C1CC1,0.75,2.485
526,propyl formate,CCCOC=O,-2.48,-3.699
527,"1,4-dimethylpiperazine",CN1CCN(CC1)C,-7.58,-7.874
528,"N,N-diethylethanamine",CCN(CC)CC,-3.22,-1.955
529,"3,4-dimethylpyridine",Cc1ccncc1C,-5.22,-3.201
530,2-methoxypropane,CC(C)OC,-2.01,-0.657
531,"1,2,3,4,6,7,8,9-octachlorodibenzo-p-dioxin",c12c(c(c(c(c1Cl)Cl)Cl)Cl)Oc3c(c(c(c(c3Cl)Cl)Cl)Cl)O2,-4.53,-1.147
532,4-chlorophenylsulfanylmethylsulfanyl-diethoxy-thioxo-$l^{5}-phosphane,CCOP(=S)(OCC)SCSc1ccc(cc1)Cl,-6.5,-7.024
533,"3-(dimethoxyphosphinothioylsulfanylmethyl)-1,2,3-benzotriazin-4-one",COP(=S)(OC)SCn1c(=O)c2ccccc2nn1,-10.03,-14.106
534,hexan-1-ol,CCCCCCO,-4.4,-3.0
535,naphthalene,c1ccc2ccccc2c1,-2.4,-3.213
536,N-isopropylpropan-2-amine,CC(C)NC(C)C,-3.22,-1.985
537,heptan-1-amine,CCCCCCCN,-3.79,-2.554
538,"(1R)-2,2,2-trichloro-1-dimethoxyphosphoryl-ethanol",COP(=O)([C@H](C(Cl)(Cl)Cl)O)OC,-12.74,-13.424
539,butane-1-thiol,CCCCS,-0.99,-0.174
540,"2,6-dichlorosyringaldehyde",COc1c(c(c(c(c1Cl)C=O)Cl)OC)O,-8.68,-9.846
541,benzyl chloride,c1ccc(cc1)CCl,-1.93,-1.742
542,methylcyclohexane,CC1CCCCC1,1.7,1.679
543,alachlor,CCc1cccc(c1N(COC)C(=O)CCl)CC,-8.21,-6.851
544,iodobenzene,c1ccc(cc1)I,-1.74,-1.057
545,chlorobenzene,c1ccc(cc1)Cl,-1.12,-0.475
546,heptanal,CCCCCCC=O,-2.67,-2.704
547,2-nitroaniline,c1ccc(c(c1)N)[N+](=O)[O-],-7.37,-7.66
548,methylsulfinylmethane,CS(=O)C,-9.28,-8.243
549,"1,1,2,2-tetrachloroethane",C(C(Cl)Cl)(Cl)Cl,-2.37,-0.534
550,1-bromoheptane,CCCCCCCBr,0.34,1.223
551,1-cyclopropylethanone,CC(=O)C1CC1,-4.61,-3.043
552,pyrrole,c1cc[nH]c1,-4.78,-4.014
553,diflunisal,c1cc(c(cc1c2ccc(cc2F)F)C(=O)O)O,-9.4,-6.613
554,"1,4-dimethylcyclohexane",CC1CCC(CC1)C,2.11,1.918
555,"(2R,5R)-2-methyl-5-(1-methylethenyl)-cyclohexanone",C[C@@H]1CC[C@H](CC1=O)C(=C)C,-3.75,-3.344
556,ketoprofen,C[C@@H](c1cccc(c1)C(=O)c2ccccc2)C(=O)O,-10.78,-17.242
557,2-methylpent-1-ene,CCCC(=C)C,1.47,2.486
558,"1,4-dimethylnaphthalene",Cc1ccc(c2c1cccc2)C,-2.82,-3.081
559,methyldisulfanylmethane,CSSC,-1.83,-0.093
560,propyl acetate,CCCOC(=O)C,-2.79,-3.486
561,ethyldisulfanylethane,CCSSCC,-1.64,-0.979
562,pentan-2-one,CCCC(=O)C,-3.52,-3.166
563,diethoxy-(ethylsulfanylmethylsulfanyl)-thioxo-$l^{5}-phosphane,CCOP(=S)(OCC)SCSCC,-4.37,-6.427
564,1-(4-pyridyl)ethanone,CC(=O)c1ccncc1,-7.62,-7.566
565,2-methylprop-1-ene,CC(=C)C,1.16,2.327
566,1-butoxybutane,CCCCOCCCC,-0.83,0.139
567,3-methylhexane,CCC[C@H](C)CC,2.71,2.81
568,naproxen,C[C@@H](c1ccc2cc(ccc2c1)OC)C(=O)O,-10.21,-12.199
569,methanethiol,CS,-1.2,-0.273
570,chloroethane,CCCl,-0.63,0.775
571,methyl propanoate,CCC(=O)OC,-2.93,-3.652
572,oct-1-ene,CCCCCCC=C,1.92,2.895
573,1-propoxypropane,CCCOCCC,-1.16,-0.004
574,isobutylbenzene,CC(C)Cc1ccccc1,0.16,-0.257
575,2-methoxyphenol,COc1ccccc1O,-5.94,-4.746
576,1-chloroheptane,CCCCCCCCl,0.29,1.467
577,3-methylbut-1-ene,CC(C)C=C,1.83,2.452
578,2-methylpentan-3-ol,CC[C@H](C(C)C)O,-3.88,-2.416
579,"(2Z)-3,7-dimethylocta-2,6-dien-1-ol",CC(=CCC/C(=C\CO)/C)C,-4.78,-2.597
580,cycloheptanol,C1CCCC(CC1)O,-5.48,-4.345
581,hydrazine,NN,-9.3,-6.508
582,2-methylpyridine,Cc1ccccn1,-4.63,-3.501
583,isobutyl nitrate,CC(C)CO[N+](=O)[O-],-1.88,-1.835
584,"cyclohepta-1,3,5-triene",C1C=CC=CC=C1,-0.99,-0.098
585,phenylmethanol,c1ccc(cc1)CO,-6.62,-5.133
586,"1,2,3,7-tetrachlorodibenzo-p-dioxin",c1cc2c(cc1Cl)Oc3cc(c(c(c3O2)Cl)Cl)Cl,-3.84,-2.66
587,1-methoxypropane,CCCOC,-1.66,-0.598
588,propylbenzene,CCCc1ccccc1,-0.53,-0.511
589,"2-bromo-1,1,1,2-tetrafluoro-ethane",[C@@H](C(F)(F)F)(F)Br,0.5,0.234
590,tetrahydropyran,C1CCOCC1,-3.12,-1.809
591,"1,2-dichlorobenzene",c1ccc(c(c1)Cl)Cl,-1.36,-0.553
592,diethyl butanedioate,CCOC(=O)CCC(=O)OCC,-5.71,-8.683
593,"1,2,3,4,7-pentachlorodibenzo-p-dioxin",c1cc2c(cc1Cl)Oc3c(c(c(c(c3Cl)Cl)Cl)Cl)O2,-4.15,-2.31
594,benzaldehyde,c1ccc(cc1)C=O,-4.02,-5.058
595,1-chloro-2-methyl-benzene,Cc1ccccc1Cl,-1.14,-0.473
596,ethoxyethane,CCOCC,-1.59,-0.617
597,phenyl formate,c1ccc(cc1)OC=O,-3.82,-5.442
598,2-methoxy-2-methyl-propane,CC(C)(C)OC,-2.21,-0.691
599,methyl methanesulfonate,COS(=O)(=O)C,-4.87,-8.824
600,propane,CCC,2.0,2.495
601,3-hydroxybenzaldehyde,c1cc(cc(c1)O)C=O,-9.52,-9.369
602,m-cresol,Cc1cccc(c1)O,-5.49,-5.378
603,"1-amino-4-hydroxy-9,10-anthracenedione",c1ccc2c(c1)C(=O)c3c(ccc(c3C2=O)O)N,-9.53,-10.984
604,isohexane,CCCC(C)C,2.51,2.808
605,prop-1-ene,CC=C,1.32,2.328
606,methyl 4-nitrobenzoate,COC(=O)c1ccc(cc1)[N+](=O)[O-],-6.88,-6.588
607,2-methylthiophene,Cc1cccs1,-1.38,-0.3
608,1-chlorobutane,CCCCCl,-0.16,0.993
609,"2,3-dimethylnaphthalene",Cc1cc2ccccc2cc1C,-2.78,-2.953
610,3-methoxyaniline,COc1cccc(c1)N,-7.29,-7.201
611,ethylsulfanylethane,CCSCC,-1.46,0.299
612,pentanal,CCCCC=O,-3.03,-2.927
613,diphenyl ether,c1ccc(cc1)Oc2ccccc2,-2.87,-2.81
614,1-nitrobutane,CCCC[N+](=O)[O-],-3.09,-1.449
615,1-nitroethane,CC[N+](=O)[O-],-3.71,-1.839
616,nitrobenzene,c1ccc(cc1)[N+](=O)[O-],-4.12,-3.46
617,nonan-1-ol,CCCCCCCCCO,-3.88,-2.564
618,1-ethyl-4-methyl-benzene,CCc1ccc(cc1)C,-0.95,-0.575
619,diethyl propanedioate,CCOC(=O)CC(=O)OCC,-6.0,-6.716
620,1-ethyl-2-methylbenzene,CCc1ccccc1C,-0.85,-0.761
621,methylsulfanylmethane,CSC,-1.61,0.44
622,3-methylpentane,CCC(C)CC,2.51,2.613
623,mesitylene,Cc1cc(cc(c1)C)C,-0.9,-0.553
624,"1,1,1,2,2-pentachloroethane",C(C(Cl)(Cl)Cl)(Cl)Cl,-1.23,0.059
625,"1,2,3,4-tetrachloro-5-(2,3,4,6-tetrachlorophenyl)benzene",c1c(c(c(c(c1Cl)Cl)Cl)Cl)c2c(cc(c(c2Cl)Cl)Cl)Cl,-4.61,-0.039
626,4-chloroaniline,c1cc(ccc1N)Cl,-5.9,-5.281
627,"1-amino-9,10-anthracenedione",c1ccc2c(c1)C(=O)c3cccc(c3C2=O)N,-9.44,-12.214
628,"2,3-dimethylpyridine",Cc1cccnc1C,-4.82,-3.367
629,2-methylbenzaldehyde,Cc1ccccc1C=O,-3.93,-4.554
630,"N,N-dimethyl-4-nitro-benzamide",CN(C)C(=O)c1ccc(cc1)[N+](=O)[O-],-11.95,-10.036
631,"2,4-dimethylpentane",CC(C)CC(C)C,2.83,2.756
632,3-chloroaniline,c1cc(cc(c1)Cl)N,-5.82,-5.138
633,pentan-1-amine,CCCCCN,-4.09,-2.835
634,2-butoxyethanol,CCCCOCCO,-6.25,-3.85
635,cyclopentane,C1CCCC1,1.2,1.648
636,3-ethylpyridine,CCc1cccnc1,-4.59,-2.965
637,"(1R,2S,5R)-2-isopropyl-5-methylcyclohexanol",C[C@@H]1CC[C@H]([C@@H](C1)O)C(C)C,-3.2,-3.35
638,1-acetoxyethyl acetate,CC(OC(=O)C)OC(=O)C,-4.97,-8.006
639,2-chlorophenol,c1ccc(c(c1)O)Cl,-4.55,-3.317
640,methyl octanoate,CCCCCCCC(=O)OC,-2.04,-3.035
