,smiles,tpsa
0,O=C([O-])C(CC1=c2cccc(O)c2=[NH+]C1)c1cccc(Br)c1,74.33
1,O=C(NCC(=O)N1CCN(c2ccccc2)CC1)c1ccc(Br)o1,65.79
2,CCNC(=O)NNC(=O)C[NH+]1CCCC1c1ccc(C)cc1,74.67
3,Cc1ccc(C2[NH2+]C(C)CCC2NS(=O)(=O)N2CCCC2)cc1,66.02
4,O=C(NI)C1CC(=O)N(c2ccccc2)C1,49.41
5,O=C(CN1C(=O)NC2(CCc3ccccc32)C1=O)NCc1ccco1,91.65
6,OC(CNCCOc1ccc(Cl)cc1)COc1ccccc1,50.72
7,O=C(NCCN1CCC2(CC1)C(=O)NCN2c1cccc(F)c1)c1ccc(Br)cc1,64.68
8,CC1CCC[NH+](CCCNC(=O)Nc2ccccc2Cl)C1,45.57
9,CN(Cc1ccc(Cl)cc1)C(=O)c1cc(C[NH3+])cs1,47.95
10,OC(CNCCOc1ccc(Cl)cc1)COc1ccccc1,50.72
11,OCC[NH+](C1CCCCC1)C1CCOC2(CCOC2)C1,43.13000000000001
12,CC1C(C(=O)[O-])CC[NH+]1c1ccc(C(F)(F)F)cc1,44.56999999999999
13,O=C(O)COc1cccc(OCCNCC(O)COc2ccccc2)c1,97.25
14,COc1ccc(C2CCC[NH+](CCC(=O)Nc3cc(N)ccc3F)C2)cc1,68.79
15,CC(=O)NCC1CN(c2ccc(-n3cnc(C)n3)c(F)c2)C(=O)O1,89.35000000000001
16,C=CCN1C(N)=[NH+]CC1CC(C)(C)Cc1ccc(Cl)cc1,43.23
17,CCn1cc(C(=O)O)c(=O)c2cc(F)c(N3CCOCC3)c(F)c21,71.77000000000001
18,O=C(CN1CCN(c2ccccc2)CC1)Nc1nncs1,61.36000000000001
19,CN1CCN(c2cc3c(cc2F)c(=O)c(C(=O)O)cn3-c2ccc(Br)cc2)CC1,65.78
20,CCCC(=O)Nc1ccc(Cl)c(NC(=O)C=CC(=O)[O-])c1,98.33
21,O=C([O-])COCCNc1[nH+]ccn1Cc1ccc(Cl)cc1,80.46000000000001
22,CC1(CCCc2cc(=O)oc3[nH]c(=O)[nH]c(=O)c23)CC1,95.93
23,CC(=O)NCC1CN(c2ccc(Br)cc2)C(=O)O1,58.64
24,CC1C[NH+]=C(N)N1CCOc1ccccc1,52.46000000000001
25,CCc1ccc(CN(C(=O)c2ccc(F)cc2O)C2CCS(=O)(=O)C2)s1,74.68
26,CCCCCNC(=O)N1Cc2[nH+]c[nH]c2CC1C(=O)[O-],102.4
27,CCC(C)NC(=O)CN1CCN(c2ccc(OC)cc2)C1=O,61.88
28,CN(Cc1ccccc1)S(=O)(=O)NCCC[NH+]1CCCC1,53.85
29,COCCN1C(=O)c2ccccc2C(C(=O)N2CCSCC2)C12CCCC2,49.85
30,CCNC(=O)NC(C)c1c(F)cccc1Cl,41.13
31,CN(CC1CCCCC1)C(=O)c1cn(C2C[NH2+]C2)nn1,67.63
32,O=C(C1CC(N2CCN(c3ccc(C(F)(F)F)cn3)CC2)CN1)N1CCC(F)(F)C1,51.71000000000001
33,O=C(CCN1CCN(C(=O)c2ccccc2)CC1)c1ccc(Br)cc1,40.620000000000005
34,CN1CCN(c2cc3c(cc2F)c(=O)c(C(=O)O)cn3-c2ccccc2F)CC1,65.78
35,CC(C)CCCc1cc(=O)oc2[nH]c(=O)[nH]c(=O)c12,95.93
36,CC(C)CCNC(=O)C1CCC(C[NH3+])O1,65.97
37,O=C([O-])C[NH+](Cc1ccc([N+](=O)[O-])o1)Cc1ccccc1Cl,100.85
38,CC(C)CCNC(=O)C1CCC(C[NH3+])O1,65.97
39,CC(=O)NCC1CN(c2ccc(N3CCN(Cc4ccc(Br)o4)CC3)c(F)c2)C(=O)O1,78.26
40,O=C(CN1CCN(Cc2ccccc2)CC1)Nc1ccccc1,35.580000000000005
41,CC(=O)NCC1CN(c2ccc(N3CCN(Cc4ccc(Cl)o4)CC3)c(F)c2)C(=O)O1,78.26
42,CC(C)C(CC(=O)N1CCN(C)CC1)Nc1ccnc2cc(Cl)ccc12,48.470000000000006
43,COC(C)c1noc(C[NH+]2CCCN(Cc3cn(C)nc3C)CC2)n1,73.65
44,O=C(O)c1cn(C2CC2)c2cc(N3CCN(c4ccncc4)CC3)c(F)cc2c1=O,78.67
45,CN1CCN(c2ccc(NC=C3C(=O)NC(=O)c4ccc(-c5ccccc5)cc43)cc2)CC1,64.68
46,CCC1CSC(NC(C)COCc2ccc(Cl)cc2)=[NH+]1,35.23
47,CCC1CN(c2cc3c(cc2F)c(=O)c(C(=O)O)cn3C2CC2)CCN1,74.57
48,CN1CCN(c2cc3c(cc2F)c(=O)c(C(=O)O)cn3-c2ccccc2F)CC1,65.78
49,CCn1cc(C(=O)O)c(=O)c2cc(F)c(N3CCC(CO)CC3)c(F)c21,82.77000000000001
50,CC(C)(C[NH2+]CC([O-])C(F)(F)F)S(=O)(=O)c1ccccc1,73.81
51,CC1CCC([NH+](CCS)CC2CC2)CC1,4.44
52,CC(C)c1ccccc1N1CC2CCC[NH+]2CC1C,7.680000000000001
53,Cc1ccc(S(=O)(=O)CCOC2CCCC([NH3+])C2)cc1,71.01
54,CC1CCCCC1NC(=O)C[NH+](CC1CCCCO1)C(C)C,42.77
55,Cc1ccc(C2CCC(NS(=O)(=O)N3CCCC3)C(C)[NH2+]2)cc1,66.02000000000001
56,Cc1ccc(C[NH+](C)CC(=O)N(C)C2CCC(C)CC2)o1,37.89
57,O=C(CCN1CCN(c2ccccc2)CC1)Nc1ccccc1,35.580000000000005
58,CCC1C[NH+]2CCCC2CN1S(=O)(=O)Nc1ccccc1Cl,53.85
59,CC(=O)NC1CCC2(O)C3Cc4ccc(O)c5c4C2(CCN3CC2CC2)C1O5,82.03
60,O=C(c1ccc(S(=O)(=O)Nc2ccccc2)cc1)N1CCOCC1,75.71000000000001
61,CC(=O)N1CCN(C(=O)c2ccc(=O)n(CC3CCCCC3)n2)CC1,75.51
62,CC(C)CC(Cc1cccc(Br)c1)C(=O)NC1COCC1C(=O)[O-],78.46
63,CC(=O)NCC1CN(c2ccc(C)cc2)C(=O)O1,58.64
64,O=C(NCCN1CCC2(CC1)C(=O)NCN2c1ccc(F)cc1)c1ccc(F)cc1,64.68
65,CCC(CNC(=O)Cc1ccccc1C)[NH+]1CCc2ccccc2C1,33.54
66,CN(c1ccccc1)S(=O)(=O)[n+]1ccn(C)c1,46.190000000000005
67,CCn1cc(C(=O)O)c(=O)c2cc(F)c(N3CCN(Cc4ccccc4)CC3)cc21,65.78
68,CC(=O)NCC1CN(c2ccc(N3CCN(Cc4cc(-c5ccc(Cl)cc5)no4)CC3)c(F)c2)C(=O)O1,91.15000000000002
69,CC(C)(C)c1cc(NC(=O)N2CCCN(C(=O)C3CCOCC3)CC2)no1,87.91000000000001
70,O=C(CCC1=c2ccccc2=[NH+]C1)N1CCN(C(=O)c2cccnc2)CC1,67.48
71,O=C(O)c1cn(C2CC2)c2cc(N3CCN(Cc4ccccc4)CC3)c(F)cc2c1=O,65.78
72,CC(=O)NCC1CN(c2ccc(-n3cncn3)c(F)c2)C(=O)O1,89.35000000000001
73,O=C(NCc1ccccc1)NC1CCS(=O)(=O)C1,75.27000000000001
74,CC1CCN(C(=O)CNC(=O)c2ccc(Br)o2)CC1,62.55
75,O=C(NCc1ccco1)C1CSc2nccc(=O)n2C1,77.13
76,CCC(CC)NC(=O)C(=O)Nc1nnc(Cc2cccc(Cl)c2)s1,83.98
77,Cc1cccc(C[NH+](C)CC2(C(=O)[O-])CCCC(C)C2)n1,57.46
78,CCNC(=O)C(C)Oc1cccc(Cl)c1,38.33
79,CC[NH+](CC(=O)NCc1ccc(F)cc1)CC(=O)Nc1cccc(F)c1,62.64
80,CC1CCCC(NC(=O)c2ccc3c(c2)C(=O)N(CC2CCCO2)C3=O)C1,75.71000000000001
81,O=C(O)c1cn(-c2ccc(Cl)cc2Cl)c2cc(N3CCNCC3)c(F)cc2c1=O,74.57
82,Cc1occc1C(=O)NC1CC[NH+](Cc2cc(Cl)cc(Cl)c2O)CC1,66.91
83,CNCC(C)c1ccc(O)c(O)c1,52.49
84,CC(=O)NCC1CN(c2ccc(N3CCN(Cc4ccc(Br)o4)CC3)c(F)c2)C(=O)O1,78.26
85,CC(=O)NCC1CN(c2ccc(N3CCN(Cc4ccc(Br)o4)CC3)c(F)c2)C(=O)O1,78.26
86,NC(Cc1ccccc1)C(=O)N1Cc2ccccc2CC1C(=O)O,83.63000000000001
87,O=C(NCCN1CCOCC1)N1CCN(c2ccccc2)CC1,48.05000000000001
88,CCC(C)([NH3+])C(=O)Nc1cc(C(=O)[O-])cc(C(F)(F)F)c1,96.87
89,COC(=O)COc1ccc(OCCNCC(O)COc2ccccc2)cc1,86.25000000000001
90,CN1CCN(c2cc3c(cc2F)c(=O)c(C(=O)O)cn3-c2ccccc2)CC1,65.78
91,C1CCC2CC([NH2+]CC3CN4CCCC4CO3)CCC2C1,29.08
92,CN(C(=O)CCn1nnc2ccccc2c1=O)C(=O)NC1CCCCC1,97.19
93,CC(CNC(=O)N1CC2CCCCC2C1)N1CCOCC1,44.81
94,CC(=O)NCC1CN(c2ccc(N3CCN(CC=Cc4ccco4)CC3)c(F)c2)C(=O)O1,78.26
95,CCn1cc(C(=O)O)c(=O)c2cc(F)c(N3CC(C)NC(C)C3)c(F)c21,74.57000000000001
96,O=C(O)c1cn(C2CC2)c2cc(N3CCN(C(=O)Cc4ccccc4)CC3)c(F)cc2c1=O,82.85
97,CN1CCN(c2cc3c(cc2F)c(=O)c(C(=O)O)cn3-c2ccc(F)cc2)CC1,65.78
98,O=C(NC1CCS(=O)(=O)C1)C(=CC1=c2ccccc2=[NH+]C1)c1ccccc1Cl,77.21000000000001
99,CSc1ccc(N2CC(CNC(C)=O)OC2=O)cc1,58.64000000000001
100,O=C(c1cccc(Cl)c1)N1CCCN(C(=O)c2cn(C3C[NH2+]C3)nn2)CC1,87.94000000000001
101,O=C(NC(Cc1cccs1)C(=O)O)c1ccccc1Br,66.4
102,CC(=O)NCC1CN(c2ccc(N3CCN(Cc4ccc(Cl)o4)CC3)c(F)c2)C(=O)O1,78.26
103,CC(=O)NCC1CN(c2ccc(-n3ccnc3)c(F)c2)C(=O)O1,76.46000000000001
104,CC1CN(c2cc3c(cc2F)c(=O)c(C(=O)O)cn3C2CC2)CCN1,74.57
105,O=C(O)c1cn(C2CC2)c2cc(N3CCN(C4CC4)CC3)c(F)cc2c1=O,65.78
106,CC(=O)NCC1CN(c2ccc(-n3ccnc3)c(F)c2)C(=O)O1,76.46000000000001
107,Cc1ccc(C=NNC(=O)CN2CC[NH+](Cc3ccccc3Cl)CC2)o1,62.28
108,O=C(C[NH+]1CCCC1c1nc2ccccc2s1)Nc1cccc(Cl)c1,46.43000000000001
109,CC(CNC(=O)c1cccnc1)[NH+]1CCc2sccc2C1,46.43
110,CC1(O)CN(c2cc3c(cc2F)c(=O)c(C(=O)O)cn3C2CC2)C1,82.77000000000001
111,CC1CN(CC(Cl)=CCl)CC(Cc2ccc(Cl)cc2)[NH2+]1,19.85
112,CC(=O)NCC1CN(c2ccc(-n3cnc(Cl)n3)c(F)c2)C(=O)O1,89.35000000000001
113,CN1CCN(c2cc3c(c(Cl)c2F)c(=O)c(C(=O)O)cn3C2CC2)CC1,65.78
114,CCOc1ccc(C#Cc2ccc(CC(C)NC(C)=O)cc2)cc1,38.33
115,O=C(NCc1cn(-c2ccccc2)nn1)NC(=O)NC1CCCC1,100.94
116,CN1CCN(c2cc3c(cc2F)c(=O)c(C(=O)O)cn3-c2ccc(Br)cc2)CC1,65.78
117,NC(=O)c1cnn2c1NC(c1cccs1)CC2C(F)(F)F,72.94
118,CCC[NH+](CC(=O)Nc1nc(C)cs1)Cc1ccc(F)c(C)c1,46.43
119,O=C(O)c1cn(C2CC2)c2cc(N3CCN(Cc4ccccc4)CC3)c(F)cc2c1=O,65.78
120,C[NH+]1CCN(c2ccc(NC(=O)CCOc3ccccc3)cn2)CC1,58.900000000000006
121,CN(C)CCNC(=O)N1CCN(c2ccc(Cl)c(Cl)c2)CC1,38.82000000000001
122,CCn1cc(C(=O)O)c(=O)c2cc(F)c(N3CCN(Cc4ccccc4)CC3)cc21,65.78
123,Cc1cc(F)ccc1-n1cc(C(=O)O)c(=O)c2cc(F)c(N3CCNCC3)cc21,74.57000000000001
124,CN1CCN(c2cc3c(cc2F)c(=O)c(C(=O)O)cn3-c2ccc(Cl)cc2)CC1,65.78
125,Cc1ccc(Cn2nccc2CNC2=[NH+]CCC2)cc1,43.82
126,CC(=O)NCC1CN(c2ccc(C)cc2)C(=O)O1,58.64
127,COc1ccc(NC(=O)C(=O)N2CCC(OC)CC2)cc1Cl,67.87
128,O=C(O)c1cn(C2CC2)c2cc(N3CCN(C(=O)c4ccccc4)CC3)c(F)cc2c1=O,82.85
129,CCCCC1(C)C2SCC(=O)N2CC[NH+]1CC(=O)N1CCC(C)CC1,45.06000000000001
130,CC(=O)NCC1CN(c2ccc(-n3cccn3)c(F)c2)C(=O)O1,76.46000000000001
131,CN1CCN(c2cc3c(cc2F)c(=O)c(C(=O)O)cn3-c2ccc(F)cc2)CC1,65.78
132,CN(CC1CCC[NH+]1C1CCCC1)C(=O)OC(C)(C)C,33.980000000000004
133,Cc1ccc(NC(=O)C(=O)NCC(c2ccco2)[NH+](C)C)cc1Cl,75.78
134,OC(CNCCOc1ccccc1)COc1ccccc1,50.72
135,OCC1CCN(Cc2ccc(O)c3ncccc23)CC1,56.59
136,CN1CCN(c2cc3c(cc2F)c(=O)c(C(=O)O)cn3-c2cccc(F)c2)CC1,65.78
137,CC1CC[NH+](C(C)C(=O)Nc2cccc3ccccc23)CC1,33.54
138,COCCC([NH3+])C(=O)N1CC(n2cc(C(=O)Nc3cccc(C)c3)nn2)C1,116.99
139,CCn1cc(C(=O)O)c(=O)c2cc(F)c(N3CCN(Cc4ccccc4)CC3)cc21,65.78
140,CCC1CCCN(C(=O)CC2C[NH2+]CCO2)C1,46.150000000000006
141,CCn1cc(C(=O)O)c(=O)c2cc(F)c(N3CCSCC3)cc21,62.540000000000006
142,CCC(=O)Nc1ccccc1[N+](=O)[O-],72.24
143,O=C([O-])C=CC(=O)Nc1cc(C(F)(F)F)ccc1Cl,69.22999999999999
144,CC(=O)NCC1CN(c2ccc(-n3ccc(C)n3)c(F)c2)C(=O)O1,76.46000000000001
145,O=C(NC(Cc1ccccc1)C(=O)O)c1ccccc1Br,66.4
146,CC(=O)NCC1CN(c2ccc(N3CCN(Cc4ccc(C)o4)CC3)c(F)c2)C(=O)O1,78.26
147,O=C(O)c1cn(-c2ccc(F)cc2F)c2cc(N3CCNCC3)c(F)cc2c1=O,74.57
148,O=C(CC1C[NH2+]CCO1)NCc1nncn1Cc1ccc(Cl)cc1,85.65
149,CCC(=O)NC1CCC2(O)C3Cc4ccc(O)c5c4C2(CCN3CC2CC2)C1O5,82.03
150,CC(=O)NCC1CN(c2ccc(N3CCN(Cc4ccc(Br)o4)CC3)c(F)c2)C(=O)O1,78.26
151,CC(=O)NCC1CN(c2ccc(N3CCN(Cc4ccc(C)o4)CC3)c(F)c2)C(=O)O1,78.26
152,CC(C[NH+](C)CCSc1ccccc1)c1ccc(Cl)cc1,4.44
153,CC(C)(C)CC[NH2+]CC1(C)CCCO1,25.84
154,CC(C)CCN(C)C(=O)NCC(C)[NH+]1CCc2sccc2C1,36.78
155,COCCC[NH2+]Cc1c([O-])on[n+]1-c1ccccc1,78.81
156,CC(=O)NCC1CN(c2cc(F)c(N3CC4CC4C3)c(F)c2)C(=O)O1,61.88000000000001
157,CC(=O)NCC1CN(c2ccc(N3CCN(CC=Cc4ccco4)CC3)c(F)c2)C(=O)O1,78.26
158,CC(C)(C)n1cc(C(=O)O)c(=O)c2cc(F)c(N3CCNCC3)cc21,74.57000000000001
159,CC(=O)NCC1CN(c2ccc(N3CCN(Cc4cc(-c5ccc(F)cc5)no4)CC3)c(F)c2)C(=O)O1,91.15000000000002
160,CCNC1(C(N)=O)CCC([NH+]2CCC(C(C)(C)C)CC2)C1,59.56
161,O=C(NC(Cc1ccccc1)C(=O)O)c1ccccc1Br,66.4
162,CC(=O)NCC1CN(c2ccc(N3CCN(Cc4ccc(Br)o4)CC3)c(F)c2)C(=O)O1,78.26
163,Cc1ccc(C[NH+]2CCC(C3(Cc4ccccc4Cl)NC(=O)N(CC4CC4)C3=O)CC2)o1,66.99000000000001
164,CC(=O)NCC1CN(c2ccc(N3CCN(Cc4ccc(Cl)o4)CC3)c(F)c2)C(=O)O1,78.26
165,O=C1CNc2cc(N3CCN(c4ccccc4)CC3)ccc2N1,47.61000000000001
166,CC1CCN(C(=O)c2ccc(CN3CC4CCC[NH+]4CC3C)s2)CC1,27.99000000000001
167,CC1[NH2+]CCC1C(=O)Nc1ccc(F)cc1Br,45.71
168,C[NH+](C)C1CCC(NC(=O)C(=O)Nc2ccc(N3CCCCC3)c(Cl)c2)C1,65.88
169,OC(CNCCOc1ccc(Cl)cc1)COc1ccccc1,50.72
170,CC(=O)NCC1CN(c2ccc(N3CCN(Cc4ccc(Cl)o4)CC3)c(F)c2)C(=O)O1,78.26
171,O=C(Nc1ccncc1)c1ccc2c(c1)C(=O)N(CC1CCCO1)C2=O,88.6
172,CC(=O)NCC1CN(c2ccc(N3CCN(Cc4ccc(C)o4)CC3)c(F)c2)C(=O)O1,78.26
173,CC(C)(C)n1cc(C#N)c(NC(=O)C(=O)N2CCC(CO)CC2)n1,111.25
174,CCC(C(=O)Nc1cc(C)on1)[NH+]1CCCC1,59.57
175,CCCC(C)[NH2+]CC1CN2CCCC2CO1,29.08
176,CCNCc1c(F)cc2c(=O)c(C(=O)O)cn(CC)c2c1F,71.33000000000001
177,CN1CCN(Cc2ccc(O)c3ncccc23)CC1,39.6
178,O=C(O)c1cn(-c2ccc(F)cc2)c2cc(N3CCNCC3)c(F)cc2c1=O,74.57
179,CCNC1(C(N)=O)CCC([NH+]2CCC(C)(C)C2)C1,59.56
180,CN1CCN(c2cc3c(cc2F)c(=O)c(C(=O)O)cn3-c2ccc(Cl)cc2)CC1,65.78
181,CN(CC1CCC1)C(=O)C1Cc2[nH+]c[nH]c2CN1,62.27
182,Cc1cccc(C)c1NC(=O)C[NH+]1CCCC(C(C)O)C1,53.77
183,CC[NH+]=C(NCc1c(C)cc(C)cc1C)N1CCC(O)C1,49.47
184,Oc1ccc(CN2CCN(Cc3ccccc3)CC2)c2cccnc12,39.6
185,CN1CCN(c2cc(NCc3ccc(C(C)(C)C)cc3)nc(N)n2)CC1,70.31
186,CC(C)Oc1ccc(NC(=O)C[NH+](C)Cc2ccccc2)cc1,42.77
187,CCC(C)(C)n1cc(C(=O)O)c(=O)c2cc(F)c(N3CCNCC3)cc21,74.57000000000001
188,O=C(CCc1ccccc1)Nc1cccc(Cl)c1,29.1
189,CC(=O)NCC1CN(c2ccc(N3CCN(Cc4ccc(Br)o4)CC3)c(F)c2)C(=O)O1,78.26
190,CSC1(CNC(=O)C(=O)Nc2cc(F)c(F)cc2F)CCOCC1,67.43
191,CCn1cc(C(=O)O)c(=O)c2cc(F)c(N3CCC(C)CC3)c(F)c21,62.540000000000006
192,O=C(O)c1cn(C2CC2)c2cc(N3CCN(C4CC4)CC3)c(F)cc2c1=O,65.78
193,CC(=O)NCC1CN(c2cccc(F)c2)C(=O)O1,58.64
194,CN1CCN(c2cc3c(cc2F)c(=O)c(C(=O)O)cn3-c2ccccc2F)CC1,65.78
195,Cc1ccc(S(=O)(=O)N2CCC3(CC2)CC([NH+]2CCOCC2)CO3)cc1,60.28
196,O=C(C[NH+]1CC=C(c2ccccc2Cl)CC1)NCc1ccccc1,33.54
197,Cc1cccc(NC(=O)c2cn(C3C[NH+](CCCC4CCCO4)C3)nn2)c1,73.48
198,CCCN1C(N)=[NH+]CC1C1CCC(C)CC1,43.23
199,CC(=O)NCC1CN(c2ccc(-n3ccc(C(C)O)c3)c(F)c2)C(=O)O1,83.8
200,CC(=O)NCC1CN(c2ccc(N3CCSCC3)c(F)c2)C(=O)O1,61.88000000000001
201,O=C(O)c1nccnc1C(=O)N1CCN(c2ccccc2)CC1,86.63
202,O=C(O)c1cn(C2CC2)c2cc(N3CCN(C(=O)c4ccccc4)CC3)c(F)cc2c1=O,82.85
203,CN1CCN(c2cc3c(cc2F)c(=O)c(C(=O)O)cn3-c2ccccc2)CC1,65.78
204,CC(=O)NCC1CN(c2cccc(Cl)c2)C(=O)O1,58.64
205,O=C(Nc1ccc(I)cc1)c1cccc(-n2cnnc2)n1,72.7
206,[NH3+]C(CCCS(=O)(=O)c1ccc(Cl)cc1)c1ncc[nH]1,90.46
207,Cc1cn2c([nH+]1)CCC(NC(=O)Cc1ccccc1C)C2,48.17
208,COc1ccc(F)c(NC(=O)NCC(C)C)c1,50.36
209,CCc1ccc(Cn2cc(NC3CCC([NH3+])C3)cn2)cc1,57.49
210,Cc1ccc(NC(=O)C2CCCN(S(=O)(=O)c3cn(C(C)C)cn3)C2)c(C)c1,84.3
211,CCSc1ccccc1C1C[NH+]2CCCC2CN1C(=O)c1nonc1N,89.69
212,CC(=O)NCC1CN(c2cc(C)cc(C)c2)C(=O)O1,58.64
213,Cc1ccc(C2C[NH2+]CCC2NS(=O)(=O)N2CCCC2)cc1,66.02
214,CCCC1CCC[NH+](C2CCCC(N)(C(=O)OC)C2)CC1,56.760000000000005
215,COc1ccc(OC)c(CNC(=O)C2CCCN(I)C2)c1,50.8
216,CC(C)CC(C)[NH2+]CC1CN2CCCC2CO1,29.08
217,CNC(=O)NC(C)c1c(F)cccc1Cl,41.13
218,O=C(CCc1ccccc1)Nc1ccccc1,29.1
219,CSCC(C)CNC(=O)C1CCC(C[NH3+])O1,65.97
220,CN1CCN(c2cc3c(cc2F)c(=O)c(C(=O)O)cn3-c2ccc(F)cc2)CC1,65.78
221,CCn1cc(C(=O)O)c(=O)c2cc(F)c(N3CCNC(C)C3)c(F)c21,74.57000000000001
222,CCN(C(=O)C1CCC[NH+]1Cc1n[nH]c(=O)[nH]1)c1ccc(Cl)cc1,86.28999999999999
223,CC[NH+]1CCCC1CN(C)S(=O)(=O)C(C)CC1CCCC1O,62.05
224,O=C(NCCC(=O)N1CCCC1)c1c[nH]c2nccc(Cl)c12,78.09
225,NC1=[NH+]CC2(CCCSC2)N1C1CCCC1,43.23
226,Cc1ccc(NC(=O)c2ccc(NC3=NC4CS(=O)(=O)CC4S3)cc2)cc1,87.63
227,O=C(CC(O)c1ccccc1)NCC(c1ccccc1)[NH+]1CCCC1,53.77
228,CC1CSCCN1C(C[NH3+])CC(=O)N1CCCC1,51.190000000000005
229,CCC1(CCCc2cc(=O)oc3[nH]c(=O)[nH]c(=O)c23)CC1,95.93
230,CN1CCN(c2cc(NCc3ccc(Cl)c(Cl)c3)nc(N)n2)CC1,70.31
231,CC1COc2c(F)c(F)cc3c(=O)c(C(=O)O)cn1c23,68.53
232,CC(C)[NH+]1CCCC(C(=O)Nc2ccc(I)cc2)C1,33.54
233,CCC1(c2ccccc2)C(=O)NC(=O)N(Cc2ccccc2)C1=O,66.48
234,O=C(O)COc1cccc(OCCNCC(O)COc2ccccc2)c1,97.25
235,CN1CCN(c2cc3c(cc2F)c(=O)c(C(=O)O)cn3-c2ccccc2F)CC1,65.78
236,CC(=O)NCC1CN(c2ccc(N3CCN(Cc4ccc(Br)o4)CC3)c(F)c2)C(=O)O1,78.26
237,O=C(O)c1cn(C2CC2)c2cc(N3CCN(C4CC4)CC3)c(F)cc2c1=O,65.78
238,O=C(NCCN1CCC2(CC1)C(=O)NCN2c1cccc(F)c1)c1ccc(Br)cc1,64.68
239,O=C(C1CC(N2CCN(c3ccc(C(F)(F)F)cn3)CC2)CN1)N1CCC(F)(F)C1,51.71000000000001
240,CNCC(C)c1ccc(O)c(O)c1,52.49
241,CC(=O)NCC1CN(c2ccc(N3CCN(Cc4ccc(Cl)o4)CC3)c(F)c2)C(=O)O1,78.26
242,CC(=O)NCC1CN(c2ccc(N3CCN(Cc4ccc(Br)o4)CC3)c(F)c2)C(=O)O1,78.26
243,OCc1cc(C(O)CNCCc2ccc(NCC(O)c3ccc(Cl)cc3)cc2)ccc1O,104.98
244,CN1CCN(c2c(F)c(OCc3ccccc3)c3c(=O)c(C(=O)O)cn(C4CC4)c3c2F)CC1,75.00999999999999
245,CC(=O)NCC1CN(c2ccc(N3CCN(Cc4cc(-c5ccc(F)cc5)no4)CC3)c(F)c2)C(=O)O1,91.15000000000002
246,CCn1cc(C(=O)O)c(=O)c2cc(F)c(N3CCN(Cc4ccccc4)CC3)cc21,65.78
247,CC(=O)NCC1CN(c2ccc(N3CCN(Cc4ccc(C)o4)CC3)c(F)c2)C(=O)O1,78.26
248,COC(=O)COc1ccc(OCCNCC(O)COc2ccccc2)cc1,86.25000000000001
249,CC(=O)NC1CCC2(O)C3Cc4ccc(O)c5c4C2(CCN3CC2CC2)C1O5,82.03
250,CCC(=O)NC1CCC2(O)C3Cc4ccc(O)c5c4C2(CCN3CC2CC2)C1O5,82.03
251,CCn1cc(C(=O)O)c(=O)c2cc(F)c(N3CCN(Cc4ccccc4)CC3)c(F)c21,65.78
252,CC(=O)NCC1CN(c2ccc(N3CCN(Cc4cc(-c5ccc(Cl)cc5)no4)CC3)c(F)c2)C(=O)O1,91.15000000000002
253,CC1CCN(CCCc2ccccc2)CC1,3.24
254,O=C(O)c1cn(C2CC2)c2cc(N3CCN(C(=O)CN4CCN(c5ccccc5Cl)CC4)CC3)c(F)cc2c1=O,89.32999999999998
255,CC(=O)NCC1CN(c2ccc(N3CCN(Cc4ccc(C)o4)CC3)c(F)c2)C(=O)O1,78.26
256,CC(=O)NCC1CN(c2ccc(N3CCN(Cc4ccc(Br)o4)CC3)c(F)c2)C(=O)O1,78.26
257,CC(=O)NCC1CN(c2ccc(N3CCN(Cc4cc(-c5ccc(C)cc5)no4)CC3)c(F)c2)C(=O)O1,91.15000000000002
258,c1ccc(CCCN2CCN(C(c3ccccc3)c3ccccc3)CC2)cc1,6.48
259,Cc1cc(F)ccc1-n1cc(C(=O)O)c(=O)c2cc(F)c(N3CCNCC3)cc21,74.57000000000001
260,CN1CCN(c2cc3c(cc2F)c(=O)c(C(=O)O)cn3-c2cccc(F)c2)CC1,65.78
261,O=C(Nc1ccccc1)Nc1ccc(CCN2CCN(c3ccccc3)CC2)cc1,47.61000000000001
262,CC(=O)NCC1CN(c2ccc(N3CCN(Cc4ccc(Cl)o4)CC3)c(F)c2)C(=O)O1,78.26
263,CCn1cc(C(=O)O)c(=O)c2cc(F)c(N3CCN(Cc4ccccc4)CC3)cc21,65.78
264,CC(=O)NCC1CN(c2ccc(N3CCN(Cc4ccc(C)o4)CC3)c(F)c2)C(=O)O1,78.26
265,CC1CCCC(CC2CCN(CC(=O)Nc3ccc(F)cc3Cl)C2)C1,32.34
266,CN1CCN(c2cc3c(cc2F)c(=O)c(C(=O)O)cn3-c2ccc(F)cc2)CC1,65.78
267,O=C(O)c1cn(C2CC2)c2cc(N3CCN(Cc4ccccc4)CC3)c(F)cc2c1=O,65.78
268,CCn1cc(C(=O)O)c(=O)c2cc(F)c(N3CCN(CC(=NO)c4ccc(Cl)cc4)CC3)cc21,98.37
269,O=C1OC(Cn2ccnn2)CN1c1ccc(N2CCN(Cc3ccc(Cl)o3)CC2)c(F)c1,79.87
270,CC(=O)NCC1CN(c2ccc(N3CCN(Cc4ccc(C)o4)CC3)c(F)c2)C(=O)O1,78.26
271,CC(=O)NCC1CN(c2ccc(N3CCN(CC=Cc4ccco4)CC3)c(F)c2)C(=O)O1,78.26
272,O=C(O)c1ccc(OCCNCCCOc2ccccc2)cc1,67.79
273,Clc1ccc(CNCCCN2CCN(CCCNc3ccnc4cc(Cl)ccc34)CC2)cc1,43.43
274,CC(=O)NCC1CN(c2ccc(N3CCN(Cc4cc(-c5ccc(Cl)cc5)no4)CC3)c(F)c2)C(=O)O1,91.15000000000002
275,CC(=O)NCC1CN(c2ccc(N3CCN(Cc4cc(-c5ccc(F)cc5)no4)CC3)c(F)c2)C(=O)O1,91.15000000000002
276,O=S(=O)(NCCCN1CCN(c2ccccc2)CC1)c1ccc2ccccc2c1,52.650000000000006
277,Cc1nc2cc(-n3ncc(C(=O)c4cc5cc(C6CCN(C(C)C)CC6)ccc5[nH]4)c3N)ccc2[nH]1,108.62
278,CCn1cc(C(=O)O)c(=O)c2cc(F)c(N3CCN(CC(=O)c4ccc(Cl)cc4)CC3)cc21,82.85
279,O=C(NCCCN1CCN(CCCNc2ccnc3cc(Cl)ccc23)CC1)C1c2ccccc2Oc2ccccc21,69.73
280,CC1COc2c(N3CCN(CC(=O)c4ccc(Cl)cc4Cl)CC3)c(F)cc3c(=O)c(C(=O)O)cn1c23,92.08
281,CCSc1ccccc1Oc1ccc(S(=O)(=O)NCC2C[NH+]3CCN2CC3)cc1F,63.080000000000005
282,Cc1ccccc1-n1cc(C(=O)O)c(=O)c2cc(F)c(N3CCN(C)CC3)cc21,65.78
283,CN1CCN(c2cc3c(cc2F)c(=O)c(C(=O)O)cn3-c2ccccc2F)CC1,65.78
284,CC(=O)NCC1CN(c2ccc(N3CCN(Cc4cc(-c5ccc(Cl)cc5)no4)CC3)c(F)c2)C(=O)O1,91.15000000000002
285,CON=C(CN1CCN(c2cc3c(cc2F)c(=O)c(C(=O)O)cn3C2CC2)CC1)c1ccc(Cl)cc1,87.37
286,CC(=O)NCC1CN(c2ccc(N3CCN(Cc4ccc(Cl)o4)CC3)c(F)c2)C(=O)O1,78.26
287,CC(=O)NCC1CN(c2ccc(N3CCN(Cc4cc(-c5ccc(F)cc5)no4)CC3)c(F)c2)C(=O)O1,91.15000000000002
288,CN1CCN(c2cc3c(cc2F)c(=O)c(C(=O)O)cn3-c2cccc(F)c2)CC1,65.78
289,CC(=O)NCC1CN(c2ccc(N3CCN(Cc4cc(-c5ccc(Cl)cc5)no4)CC3)c(F)c2)C(=O)O1,91.15000000000002
290,O=C(O)c1cn(C2CC2)c2cc(N3CCN(C4CC4)CC3)c(F)cc2c1=O,65.78
291,O=C(O)c1cn(C2CC2)c2cc(N3CCN(Cc4ccccc4)CC3)c(F)cc2c1=O,65.78
292,OC(CNCCOc1ccc(Cl)cc1)COc1ccccc1,50.72
293,O=C(NCCCN1CCN(CCCNc2ccnc3cc(Cl)ccc23)CC1)c1ccccc1C(=O)c1ccccc1,77.57000000000001
294,CC(=O)NCC1CN(c2ccc(N3CCN(Cc4cc(-c5ccc(F)cc5)no4)CC3)c(F)c2)C(=O)O1,91.15000000000002
295,CC(=O)NCC1CN(c2ccc(N3CCN(CC=Cc4ccco4)CC3)c(F)c2)C(=O)O1,78.26
296,CC(=O)NCC1CN(c2ccc(N3CCN(Cc4ccc(C)o4)CC3)c(F)c2)C(=O)O1,78.26
297,O=S(=O)(CCN1CCN(c2ccccc2O)CC1)c1ccc(Br)cc1,60.85000000000001
298,O=C(O)c1cc(CN2CCC(c3cccc(Cl)c3)CC2)c2ccccn2c1=O,62.02
299,O=C(O)c1cn(-c2ccc(F)cc2)c2cc(N3CCNCC3)c(F)cc2c1=O,74.57
300,CCn1cc(C(=O)O)c(=O)c2cc(F)c(N3CCN(Cc4ccccc4)CC3)cc21,65.78
301,CN1CCN(c2cc3c(cc2F)c(=O)c(C(=O)O)cn3-c2ccccc2F)CC1,65.78
302,O=S(=O)(CCN1CCN(c2ccccc2O)CC1)c1cc(Cl)ccc1Cl,60.85000000000001
303,CC(=O)NCC1CN(c2ccc(N3CCN(Cc4cc(-c5ccc(F)cc5)no4)CC3)c(F)c2)C(=O)O1,91.15000000000002
304,CN1CCN(c2cc3c(cc2F)c(=O)c(C(=O)O)cn3-c2ccc(Cl)cc2)CC1,65.78
305,CCn1cc(C(=O)O)c(=O)c2cc(F)c(N3CCN(CC(=NO)c4ccc(F)cc4)CC3)cc21,98.37
306,O=C(O)c1cn(C2CC2)c2cc(N3CCN(C(=O)CN4CCN(c5ccccc5Cl)CC4)CC3)c(F)cc2c1=O,89.32999999999998
307,CN1CCN(c2cc3c(cc2F)c(=O)c(C(=O)O)cn3-c2ccc(Br)cc2)CC1,65.78
308,O=C(CN1CCN(c2cc3c(cc2F)c(=O)c(C(=O)O)cn3C2CC2)CC1)c1ccc(Cl)cc1,82.85
309,CC(=O)NCC1CN(c2ccc(N3CCN(Cc4cc(-c5ccc(F)cc5)no4)CC3)c(F)c2)C(=O)O1,91.15000000000002
310,O=C(NCCN1CCC2(CC1)C(=O)NCN2c1ccc(F)cc1)c1ccc(F)cc1,64.68
311,CN1CCN(c2cc3c(cc2F)c(=O)c(C(=O)O)cn3-c2ccccc2)CC1,65.78
312,O=C(O)c1cn(-c2ccc(F)cc2F)c2cc(N3CCNCC3)c(F)cc2c1=O,74.57
313,CN1CCN(C(=O)C(Cc2c[nH]c3ccccc23)Nc2ccnc3cc(Cl)ccc23)CC1,64.26
314,Cc1cccc(N2CCN(CC(=O)N3CCN(c4cc5c(cc4F)c(=O)c(C(=O)O)cn5C4CC4)CC3)CC2)c1,89.33000000000001
315,O=C(CCN1CCC(Cc2ccccc2)CC1)c1ccc(O)c(O)c1[N+](=O)[O-],103.91
316,OC(CNCCOc1ccc(Cl)cc1)COc1ccccc1,50.72
317,O=C(O)c1cn(C2CC2)c2cc(N3CCN(C(=O)CN4CCN(C(c5ccccc5)c5ccccc5)CC4)CC3)c(F)cc2c1=O,89.32999999999998
318,O=C(Cc1c(Cl)cccc1Cl)NCCCN1CCN(CCCNc2ccnc3cc(Cl)ccc23)CC1,60.50000000000001
319,CCn1cc(C(=O)O)c(=O)c2cc(F)c(N3CCN(Cc4ccccc4)CC3)cc21,65.78
320,CC(=O)NCC1CN(c2ccc(N3CCN(Cc4ccc(Cl)o4)CC3)c(F)c2)C(=O)O1,78.26
321,O=C(C=Cc1ccc(O)c(O)c1)N1CCN(Cc2ccc(Cl)c(Cl)c2)CC1,64.01
322,CC(=O)NCC1CN(c2ccc(N3CCN(Cc4ccc(Br)o4)CC3)c(F)c2)C(=O)O1,78.26
323,CC(=O)NCC1CN(c2ccc(N3CCN(Cc4cc(-c5ccc(C)cc5)no4)CC3)c(F)c2)C(=O)O1,91.15000000000002
324,CCn1cc(C(=O)O)c(=O)c2cc(F)c(N3CCN(CC(=NO)c4ccc(Cl)cc4)CC3)cc21,98.37
325,CN1CCN(c2cc3c(cc2F)c(=O)c(C(=O)O)cn3-c2ccc(F)cc2)CC1,65.78
326,CC(=O)NCC1CN(c2ccc(N3CCN(Cc4cc(-c5ccc(C)cc5)no4)CC3)c(F)c2)C(=O)O1,91.15000000000002
327,CC(=O)NCC1CN(c2ccc(N3CCN(Cc4cc(-c5ccc(Cl)cc5)no4)CC3)c(F)c2)C(=O)O1,91.15000000000002
328,CCn1cc(C(=O)O)c(=O)c2cc(F)c(N3CCN(CC(=NO)c4ccc(Cl)cc4)CC3)cc21,98.37
329,CC1COc2c(N3CCN(CC(=O)c4ccc(Cl)cc4Cl)CC3)c(F)cc3c(=O)c(C(=O)O)cn1c23,92.08
330,CC(=O)NCC1CN(c2ccc(N3CCN(Cc4ccc(Br)o4)CC3)c(F)c2)C(=O)O1,78.26
331,CN1CCN(c2ccc(NC=C3C(=O)NC(=O)c4ccc(-c5ccccc5)cc43)cc2)CC1,64.68
332,CC(=O)NCC1CN(c2ccc(N3CCN(Cc4cc(-c5ccc(F)cc5)no4)CC3)c(F)c2)C(=O)O1,91.15000000000002
333,COc1ccccc1N1CCN(CCN2C(=O)CC(c3ccc(Cl)cc3)CC2=O)CC1,53.09
334,CN1CCN(c2cc3c(cc2F)c(=O)c(C(=O)O)cn3-c2ccccc2)CC1,65.78
335,COc1ccccc1N1CCN(CCN2C(=O)CC(c3ccccc3)CC2=O)CC1,53.09
336,CCn1cc(C(=O)O)c(=O)c2cc(F)c(N3CCN(Cc4ccccc4)CC3)cc21,65.78
337,CC(=O)NCC1CN(c2ccc(N3CCN(Cc4ccc(Cl)o4)CC3)c(F)c2)C(=O)O1,78.26
338,O=S(=O)(CCN1CCN(c2ccccc2O)CC1)c1ccc(Cl)cc1,60.85000000000001
339,CC1COc2c(N3CCN(CC(=O)c4ccc(Br)cc4)CC3)c(F)cc3c(=O)c(C(=O)O)cn1c23,92.08
340,O=C(O)c1cn(C2CC2)c2cc(N3CCN(C(=O)CN4CCN(c5cccc(C(F)(F)F)c5)CC4)CC3)c(F)cc2c1=O,89.32999999999998
341,CC(=O)NCC1CN(c2ccc(N3CCN(Cc4ccc(Cl)o4)CC3)c(F)c2)C(=O)O1,78.26
342,CC1COc2c(N3CCN(CC(=O)c4ccc(Cl)cc4)CC3)c(F)cc3c(=O)c(C(=O)O)cn1c23,92.08
343,O=C(O)c1cn(-c2ccc(F)cc2)c2cc(N3CCCNCC3)c(F)cc2c1=O,74.57
344,CCn1cc(C(=O)O)c(=O)c2cc(F)c(N3CCN(Cc4ccccc4)CC3)cc21,65.78
345,CCn1cc(C(=O)O)c(=O)c2cc(F)c(N3CCN(Cc4ccc(N)cc4)CC3)cc21,91.8
346,CC(=O)NCC1CN(c2ccc(N3CCN(Cc4cc(-c5ccc(Cl)cc5)no4)CC3)c(F)c2)C(=O)O1,91.15000000000002
347,CC(=O)NCC1CN(c2ccc(N3CCN(CC=Cc4ccco4)CC3)c(F)c2)C(=O)O1,78.26
348,CC1CCN(CCN2CCN(c3nc4cc(O)c5c(c4s3)C(=O)c3cccc(O)c3C5=O)CC2)CC1,97.21
349,CC(=O)NCC1CN(c2ccc(N3CCN(Cc4ccc(C)o4)CC3)c(F)c2)C(=O)O1,78.26
350,CC(=O)NCC1CN(c2ccc(N3CCN(Cc4ccc(Cl)o4)CC3)c(F)c2)C(=O)O1,78.26
351,O=C(Cc1ccc(Cl)cc1Cl)NCCCN1CCN(CCCNc2ccnc3cc(Cl)ccc23)CC1,60.50000000000001
352,CN1CCN(c2cc3c(cc2F)c(=O)c(C(=O)O)cn3-c2ccc(Br)cc2)CC1,65.78
353,CC(=O)NCC1CN(c2ccc(N3CCN(Cc4ccc(Br)o4)CC3)c(F)c2)C(=O)O1,78.26
354,CN1CCN(c2cc3c(cc2F)c(=O)c(C(=O)O)cn3-c2ccc(F)cc2)CC1,65.78
355,CON=C(CN1CCN(c2cc3c(cc2F)c(=O)c(C(=O)O)cn3C2CC2)CC1)c1ccc(Cl)cc1Cl,87.37
356,OC(CNCCOc1ccccc1)COc1ccccc1,50.72
357,CC(=O)NCC1CN(c2ccc(N3CCN(Cc4ccc(Br)o4)CC3)c(F)c2)C(=O)O1,78.26
358,CN1CCN(c2c(F)c(OCc3ccccc3)c3c(=O)c(C(=O)O)cn(C4CC4)c3c2F)CC1,75.00999999999999
359,O=C(CCN1CCN(C(=O)c2ccccc2)CC1)c1ccc(Br)cc1,40.620000000000005
360,CC(=O)NCC1CN(c2ccc(N3CCN(Cc4ccc(Cl)o4)CC3)c(F)c2)C(=O)O1,78.26
361,O=[N+]([O-])c1ccc2c(c1)c(OCc1ccccc1)nn2CCOCCN1CCN(CC=Cc2ccccc2)CC1,85.89999999999999
362,Nc1ccc(CN2CC3CCCC[NH+]3CC2c2cccc(Cl)c2)cc1F,33.7
363,CC(=O)NCC1CN(c2ccc(N3CCN(Cc4cc(-c5ccc(Cl)cc5)no4)CC3)c(F)c2)C(=O)O1,91.15000000000002
364,O=C(O)c1cn(C2CC2)c2cc(N3CCN(Cc4ccc(CN5CCN(c6ccccc6F)CC5)cc4)CC3)c(F)cc2c1=O,72.26
365,CN(C)CCN(CCN(C)C)c1cccc(C(=O)N2CCc3ccc(O)cc3C2)c1,50.260000000000005
366,CC(=O)NCC1CN(c2ccc(N3CCN(Cc4ccc(Cl)o4)CC3)c(F)c2)C(=O)O1,78.26
367,O=C(O)c1cn(C2CC2)c2cc(N3CCN(C(=O)CN4CCN(c5ccc(Cl)cc5)CC4)CC3)c(F)cc2c1=O,89.32999999999998
368,O=C(O)c1cc(CN2CCC(c3ccc(Br)cc3)CC2)c2ccccn2c1=O,62.02
369,CC(=O)NCC1CN(c2ccc(N3CCN(Cc4ccc(Br)o4)CC3)c(F)c2)C(=O)O1,78.26
370,O=C(O)c1cn(C2CC2)c2cc(N3CCN(C(=O)CN4CCN(c5ccc(Cl)cc5)CC4)CC3)c(F)cc2c1=O,89.32999999999998
371,CCc1cc2c(s1)Nc1ccc(F)cc1N=C2N1CCN(Cc2ccc(Cl)cc2)CC1,30.870000000000005
372,O=C(O)c1cn(-c2ccc(Cl)cc2Cl)c2cc(N3CCNCC3)c(F)cc2c1=O,74.57
373,CC(CCCl)CCN1CC2CCC[NH+]2CC1Cc1ccc(Cl)cc1,7.680000000000001
374,O=C(CCCc1ccccc1)NCCCN1CCN(CCCNc2ccnc3cc(Cl)ccc23)CC1,60.50000000000001
375,O=C(O)c1cn(C2CC2)c2cc(N3CCN(C(=O)CN4CCN(c5ccccc5Cl)CC4)CC3)c(F)cc2c1=O,89.32999999999998
376,CC(=O)NCC1CN(c2ccc(N3CCN(Cc4ccc(Br)o4)CC3)c(F)c2)C(=O)O1,78.26
377,CC(=O)NCC1CN(c2ccc(N3CCN(Cc4ccc(Br)o4)CC3)c(F)c2)C(=O)O1,78.26
378,O=C(O)c1cn(C2CC2)c2cc(N3CCN(C(=O)CN4CCN(c5ccccc5)CC4)CC3)c(F)cc2c1=O,89.32999999999998
379,CCc1ncnc(-c2ccc(C(=O)N3CCOCC3)c(Cl)c2)c1C#Cc1ccc(N)nc1,94.23
380,COC(=O)c1cc(C(=O)OC)cc(S(=O)(=O)N2CCN(C)C(C)C2C)c1,93.22
381,CS(=O)(=O)c1ccc(CNC23CC4CC(CC(C4)C2)C3)cc1,46.17
382,CN1CCOC2CN(c3ccc(CC(C#N)NC(=O)C4NC5CCC4C5)c(F)c3)CCC21,80.63
383,CCSc1nnnn1-c1cccc(C(=O)O)c1,80.9
384,O=C(CSCc1ccccc1)Nc1ccccc1,29.1
385,Cc1ccc(CNC2=CC(=O)c3ccccc3C2=O)cc1,46.17
386,O=C(NCc1ccco1)c1cccc(C(F)(F)F)c1,42.24
387,COc1ccc(NC(=O)c2cnn(-c3ccc(C)cc3)c2-n2cccc2)cc1OC,70.31
388,COc1ccc(CNCC(O)c2ccco2)c(Cl)c1OC,63.86
389,COc1ccc(S(=O)(=O)N2CCCC(C(=O)N3CCCCCC3)C2)cc1,66.92
390,CCc1ccccc1NC(=O)N1CCOC(c2ccccc2F)C1,41.57000000000001
391,Cc1nc2cnc(N3CCNCC3)nc2n(C2CC2)c1=O,75.94
392,CS(=O)(=O)C1(c2cc(N3CCOCC3)nc(-c3cccc4c3CC(=O)N4)n2)CC1,101.49
393,COC(=O)CCS(=O)(=O)Nc1ccc(F)cc1,72.47
394,COc1cccc(CN(C)C(=O)CNC(=O)c2cccc(Br)c2)c1,58.64
395,COc1ccc(CN2CCCN(Cc3cc4ccccc4o3)CC2)cc1,28.85
396,Oc1ccc(C2=Cc3cc(CN4CCOCC4)c(O)cc3OC2)cc1,62.16000000000001
397,Cc1cccc2c1N(CC(=O)Nc1ccccc1)C(=O)C2=O,66.48
398,Cc1ccc(NC(=O)c2ccnc(Cl)c2)cc1N1CCOC1=O,71.53
399,CC1=Nc2ccc(Cl)cc2C(c2ccccc2)N1CCN(C)C,18.84
400,CC(NC(=O)CCN1CCC(c2nc(-c3ccccn3)no2)CC1)c1ccccc1,84.15
401,CC(Nc1nccc(N2C(=O)OCC2C(C)C)n1)c1cccs1,67.35000000000001
402,C=CCN1CCN(c2c(Cl)cccc2NC(=O)c2cccc(Br)c2)CC1,35.58
403,CCNS(=O)(=O)C1CCN(C(=O)Nc2ccc(-n3cccn3)cc2)C1,96.33
404,CN(c1ncnc2[nH]ccc12)C1CCC(CS(=O)(=O)N2CC(F)C2)CC1,82.19
405,COc1ccc(NC(=O)COC(C)=O)cc1Cl,64.63
406,COC(=O)C(Cc1ccccc1)NC(=O)c1ccccc1,55.4
407,CCN1CCN(c2c(F)cc3c(=O)c(C(=O)O)cn4c3c2OCC4C)CC1,75.01
408,CC(O)CC(C)(C)CNC(=O)N(C)C(C)c1cc(F)ccc1F,52.57
409,CC(C)C(=O)Nc1ncc(C(F)(F)F)cc1Cl,41.99
410,Cc1ncc(C(CNC(=O)c2c(Cl)cccc2Cl)CC2CC2)cn1,54.88
411,COCCN1Cc2cccc(C(=O)Nc3cccnc3)c2C1=O,71.53
412,CN1CCC(c2ccc(Cl)cc2)C(CSCC(N)=O)C1,46.33
413,Cc1ccc2c(c1)C(NC1CC1)CC21CCNCC1,24.06
414,CC(C)(C)C(=O)Nc1ccccc1C(=O)NCc1ccco1,71.34
415,CCOC(=O)c1c(-c2cccc(F)c2)csc1N,52.32
416,COc1ccc(-c2noc(C3CCCN(C(=O)Nc4ccc(C)cc4)C3)n2)cc1,80.49000000000001
417,Cc1nn(C)c(C)c1CC(=O)NCc1ccc(F)cc1Cl,46.92
418,CCC(C)NC(=O)C1=CC(c2ccc3c(c2)OCO3)=NS(=O)(=O)N1C,97.3
419,CCOC(=O)c1oc2ccccc2c1NC(=O)COC,77.77
420,FC(F)(F)c1cnc(Nc2ccc(C3CNCCO3)cc2)nc1,59.07000000000001
421,CCN(CC)C(=O)Nc1ccnc(-c2ccncc2)n1,71.01
422,Cn1c2c(c3ccccc31)CC1(O)C3Cc4ccc(O)c5c4C1(CCN3CC1CC1)C2O5,57.86
423,c1ccc(C(OCCN2CCN(Cc3cccc4ccccc34)CC2)c2ccccc2)cc1,15.71
424,CNC(=O)c1nnc(Cc2ccc(F)cc2)o1,68.02000000000001
425,Cc1nn(C(C)(C)C)c(C)c1CC(=O)NCc1ccc(F)cc1Cl,46.92
426,CN(Cc1ncc2ccccc2c1CN)C1CCCc2cccnc21,55.040000000000006
427,COc1ccc(NC(=O)c2cccs2)cc1OC,47.56
428,Cc1ccc(CNCC2(F)CCN(C(=O)c3ccoc3)CC2)nc1,58.370000000000005
429,CCOc1ccc(C(=O)NCc2ccccc2OC)cc1,47.56
430,CCOC(=O)C1=C(C)C(C=C(C#N)c2nc(N)nc(N(C)C)n2)=NC1C,130.38
431,COCCn1cc[nH+]c1C1CCN(C(=O)C(C)n2cncn2)CC1,79.32000000000001
432,COc1ccc2c(c1)C=C(C(=O)NCCc1cn3ccccc3n1)CO2,64.86
433,O=C(Nc1ccncc1)C1CCN(S(=O)(=O)c2cccs2)CC1,79.37
434,COC(=O)c1c(-c2cccc(OC)c2)csc1N,61.55
435,CN1CCN(c2ccc(C(=O)N3CCC(F)(F)C(=CC(=O)NCc4ccccn4)c4ccccc43)c(Cl)c2)CC1,68.78
436,CCCN1COc2cc3c(cc2C1=O)OC1CCCN1C3=O,59.08
437,C#CCOc1ccc(C2CC(=O)Nc3c2c(=O)nc(SCc2ccc(C)cc2)n3C)cc1OC,82.45
438,CSc1ccc(S(=O)(=O)NC2CC3CCC2C3)cc1,46.17
439,Cc1nc(CN(C)C2CCCN(c3cccnn3)C2)no1,71.18
440,Cc1noc(C)c1NC(=O)N(CCCO)C1CCc2ccccc21,78.60000000000001
441,Cn1cc(C(=O)N2CCC(CN3CCOCC3)C2)c(-c2ccccc2)n1,50.60000000000001
442,O=C(NCCN1CCC(Cc2ccccc2)CC1)c1ccccc1,32.34
443,CCCN(CCC)C1CCc2cccc(O)c2C1,23.47
444,O=C(O)c1cn(C2CC2)c2c(F)c(N3C4CCC3CC4)c(F)cc2c1=O,62.54
445,O=C(COc1ccc2c(c1)CCC2)Nc1ccccn1,51.22
446,CCNC(=O)NCCc1ccc2[nH]c3c(c2c1)CC1(O)C2Cc4ccc(O)c5c4C1(CCN2CC1CC1)C3O5,109.85
447,OC(COc1cccc2ccccc12)CN1CCN(c2ccc(Cl)cc2)CC1,35.940000000000005
448,CC1Sc2c(C(=O)O)c(=O)c3cc(F)c(N4CCNCC4)cc3n21,74.57
449,O=C(NC1CCN(Cc2ccc3c(c2)OCCO3)CC1)c1cc(=O)c2ccc(F)cc2o1,81.01
450,O=C(CN1C(=O)CSc2ccc(C(F)(F)F)cc21)Nc1ccccc1,49.41
451,CCn1cc(C(=O)O)c(=O)c2cc(F)c(N3CCSC3)cc21,62.540000000000006
452,Cc1ccc(-n2nnnc2CNC(=O)C(C)(C)C)cc1C,72.7
453,CC(=O)NC(C)Cc1ccc(C#Cc2cnc(N(C)C)nc2)cc1,58.120000000000005
454,CC(O)CN=c1cc(-c2ccccc2)oc2ccc(Cl)cc12,45.73
455,Cn1c(C(=O)NCCN2CCOCC2)cc2sccc21,46.5
456,CN1CCN(C(=O)COc2cccc3ccccc23)CC1,32.78
457,CS(=O)(=O)C1CCC(OC(=O)c2sccc2SC(F)F)C1,60.440000000000005
458,CCC(=O)NC1CCC(CCN2CCC(c3cccc4c3OCO4)CC2)CC1,50.80000000000001
459,COc1ccc(Cl)cc1CNC1CCCNC1c1ccccc1,33.29
460,CON=C(COCc1noc(C(C)(C)C)n1)C(CCN1CCC(O)(c2ccccc2)CC1)c1ccc(Cl)c(Cl)c1,93.21
461,Cn1c2c(c3ccccc31)CC1(O)C3Cc4ccc(O)c5c4C1(CCN3CC1CC1)C2O5,57.86
462,CCN(c1ncccn1)C1CCN(CC2CN(C(CC3CCC3)C(=O)O)CC2c2cccc(F)c2)CC1,72.80000000000001
463,Cc1nc(NCCc2ccc(Cl)cc2)cc(C(=O)N2CCOCC2)n1,67.35000000000001
464,NC(=O)COc1ccc(NC(=O)c2ccco2)cc1,94.56000000000002
465,CCCOc1ccc(N2CC(C(=O)Nc3nccs3)CC2=O)cc1,71.53
466,CCC1c2ccc(F)cc2C([NH2+]C)C1C,16.61
467,O=C(Nc1ccc(F)cc1)C1COc2ccccc2O1,47.56
468,CC(=O)NC1CCC2(O)C3Cc4ccc(O)c5c4C2(CCN3CC2CC2)C1O5,82.03
469,COC(=O)c1cccc2c1S(=O)OC2(c1ccccc1)c1ccccc1,52.60000000000001
470,CCCNC(=O)Nc1nc2ccccc2s1,54.02
471,Oc1c(CN2CCN(c3ccc(F)cc3)CC2)cc(Cl)c2cccnc12,39.6
472,CNC12CCC(=O)C3Oc4c(O)ccc5c4C31CCN(CC1CC1)C2C5,61.8
473,CC(=O)N1CCc2[nH]c3ccc(NS(C)(=O)=O)cc3c2C1,82.27000000000001
474,CNc1ccccc1S(=O)(=O)c1ccccc1,46.17
475,COc1ccc(CNC(=O)NCc2nc(C)c(C)s2)cn1,76.14
476,CN1CCN(CCCNc2ccnc3cc(Cl)ccc23)CC1,31.4
477,N#CCC(=O)NC1CCC(CCN2CCC(c3cccc4c3OCO4)CC2)CC1,74.59
478,Cn1nc(-c2ccccc2)cc1C(=O)NCC1(CO)CC1,67.15
479,O=C(Nc1cccc(CC[NH+]2CCCC2)c1)N1CCCC2CCCC21,36.78
480,COc1cc2c(cc1OC)C(c1ccccc1)NCC2,30.49
481,CCCNC(=O)C1CCN(C(=O)C2CC=CCC2)C1C,49.41
482,NCCC(=O)N1N=C(c2cc(F)ccc2F)SC12CCOc1ccccc12,67.92
483,Nc1ncnc2c1ncn2CC(O)CN1CCN(C(c2ccccc2)c2ccccc2)CC1,96.33
484,CC1CCC(C[NH2+]C(C)CC2CCCCC[NH2+]2)CC1,33.22
485,Clc1ccc2c(NCCCN3CCN(C4C5CC6CC(C5)CC4C6)CC3)ccnc2c1,31.4
486,CCOc1ccccc1-c1ncc(C(=O)O)c(=O)[nH]1,92.28
487,O=C(O)c1cccc(NS(=O)(=O)c2ccc(Cl)cc2)c1,83.47
488,CS(=O)(=O)N1N=C(c2ccccc2)CC1c1cccs1,49.74
489,CCC(C#N)NC(=O)c1cc(C)n(-c2ccc(OC)cc2)n1,79.94
490,CC(=O)N1CCN(c2ccnc3cc(Cl)ccc23)CC1,36.440000000000005
491,CCn1cc(C(=O)O)c(=O)c2cc(F)c(N3CCC(N)C3)c(Cl)c21,88.56
492,CN(C)C1CCC2C3CCc4cc(O)ccc4C3CCC21C,23.47
493,CC(C)C(C)N=c1c(O)c(O)c1=Nc1ccc(C#N)cc1,88.97
494,CN(C(=O)Cc1ccccc1F)C1CCN(CCC(c2ccccc2)c2ccccc2)CC1,23.550000000000004
495,COc1ccc2c(CCNC(C)=O)cccc2c1,38.33
496,N#Cc1ccc2c(c1)CN(CCC1CCC(NC(=O)C3CCCN3)CC1)CC2,68.16
497,O=C(CN1CCOCC1)Nc1ccc2c(c1)OCO2,60.03
498,Cc1ccccc1C(=O)Nc1ccccc1,29.1
499,COc1cccc(-c2cn(-c3ccccc3)c3ncnc(N)c23)c1,65.96
500,CC(C)(C)c1ccc(C=C2Oc3cc(OCC#N)ccc3C2=O)cc1,59.32
501,COc1ccc(C2=Nn3c(C)nnc3SC2)cc1,52.3
502,COc1ccc(OC)c(C2CCCN2CN2C(=O)C(=O)c3ccccc32)c1,59.080000000000005
503,CC(=O)Nc1ccc(C(=O)c2ccccc2)cc1,46.17
504,CN1CC=C(c2ccc(CC(C#N)NC(=O)C3NC4CCC3C4)c(F)c2)CC1,68.16
505,CCc1nnc2n1CCN(C(=O)c1ccc(C)c(S(N)(=O)=O)c1)C2,111.18
506,CCC(=O)NC1CC(=O)N(c2ccc3c(c2)OCCO3)C1,67.87
507,CCCN1CCN(Cc2ccc(C(=O)Nc3ccc(Cl)cc3)cc2)CC1,35.58
508,Cc1csc(NC(=O)CSCC(=O)Nc2ccccc2)n1,71.09
509,N#CCSc1cccc(C(=O)N2CCCCC2c2ncc[nH]2)c1,72.78
510,Cc1ccccc1NC(=O)C1CC(=O)N(c2ccccc2F)C1,49.41
511,CC(C)CS(=O)(=O)Cc1cc(=O)n2ccccc2n1,68.51
512,COc1ccc(NC(=O)CN2CCN(Cc3ccccc3)CC2)cc1,44.81
513,CCN(C(=O)CN1CCOCC1)c1c(N)n(Cc2ccccc2)c(=O)[nH]c1=O,113.66
514,O=C(NCc1cccnc1OCC(F)(F)F)N1CCOCC1,63.69
515,O=C(C1CCOC1)N1CC2C(CNc3nc(-c4ccccn4)cs3)C2C1,67.35
516,COc1cccc(N2CCN(Cc3coc(-c4cccc(F)c4)n3)CC2)c1,41.74
517,COC(O)=C1C(C)=Nc2ncnn2C1c1ccc(C)o1,85.67
518,CCOc1ccc(C(=O)Nc2nncs2)cc1OCC,73.34
519,CC(=O)Nc1nc(CN2CCN(Cc3[nH+]ccn3C)C(C)C2)cs1,67.54
520,CC(=O)N1CCc2cc(CNS(=O)(=O)c3ccc(F)cc3)ccc21,66.48
521,CCC(=O)NC1CCC2(O)C3Cc4ccc(O)c5c4C2(CCN3CC2CC2)C1O5,82.03
522,CN(Cc1cn2c(n1)CN(C(N)=O)CC2)Cc1ccco1,80.53000000000002
523,CN(C)C1CCN(c2ccc(-c3ccccc3)nn2)C1,32.260000000000005
524,CCc1ccc(OCC(=O)Nc2nnc(CC)s2)cc1,64.11
525,CCNc1oc(C=Cc2ccc(OCC)cc2)nc1C#N,71.08000000000001
526,CC1CCCN(S(=O)(=O)c2cccc3nonc23)C1,76.30000000000001
527,CN(C)CCN1CCC(Nc2nc3ccccc3n2Cc2ccc(F)cc2)CC1,36.33
528,CCNCCCN1CCN(CCCNc2ccnc3cc(Cl)ccc23)CC1,43.43
529,Cc1nn2cc(Cn3c[nH+]c(-c4ccccc4)c3C3CCOC3)nc2s1,58.49000000000001
530,C=CCn1c(=N)n(CC(O)c2ccc(Cl)c(Cl)c2)c2ccccc21,53.94
531,O=C(O)c1cn(C2CC2)c2c(F)c(N3CCOCC3)c(F)cc2c1=O,71.77000000000001
532,CC(NS(=O)(=O)N(C)C)c1cccc(-n2cccn2)c1,67.23
533,Cn1ccnc1C1CCCN(C(=O)c2cc(F)cc(F)c2)C1,38.13
534,Cc1ccc(CNC(=O)NCC(c2ccco2)[NH+](C)C)cn1,71.6
535,CC(=O)NCC1CCCc2cc(S(=O)(=O)c3cccc(F)c3)ccc21,63.24
536,COCC1CNC(C)CN1CC(=O)N1CC(C)(C)c2cnc(C(C)(F)F)cc21,57.7
537,Cc1ccc(CN2CC(C(=O)N3CC=C(c4ccccc4)CC3)CC2=O)cc1,40.620000000000005
538,N#CCC(=O)NC1CCC(CCN2CCN(c3cccc4c3OCO4)CC2)CC1,77.83000000000001
539,CSCC(C)C(=O)NC1CC(=O)N(C)C1c1ccc(Cl)cc1,49.41
540,CC(C)c1ccccc1N1CCN(CC(O)COCCOc2ccc(Br)cc2)CC1,45.17
541,CCOC(=O)N1CCN(c2ncc(C(F)(F)F)cc2Cl)CC1,45.67
542,COc1ccc(CNC(=O)CCCN2C(=O)COc3ccc(C)cc32)cc1,67.87
543,O=C(CC1CN(Cc2ccccc2)CCO1)NC1CCSCC1,41.57
544,O=C(CNc1ncnc2ccc(C(F)(F)F)cc12)NC1CN(C2CCC(C3C=CCO3)CC2)C1,79.38
545,CC(=O)NCC1CN(c2ccc(-n3cc(C#N)nn3)c(F)c2)C(=O)O1,113.14
546,C[NH2+]C(C)c1ccc(N2CCC(OC)CC2)cc1,29.08
547,O=C(Nc1cc(-c2cc3c([nH]2)C2(CCCNC2)CNC3=O)ccn1)c1cc(F)cc(F)c1,98.91
548,C=Cc1cc(C#N)cc(Nc2nc(NC3CC3)c3ncc(C#N)n3n2)c1Cl,114.71999999999998
549,Cc1cc2c(N3CCCC(C(=O)NCCCc4ccccc4)C3)[nH+]ccc2s1,46.48
550,Cc1ccc(Nc2nc(N)nc(CN3CCN(C)CC3)n2)cc1,83.19999999999999
551,CC(C)C(=O)NCC(c1ccc2c(c1)OCO2)N1CCOCC1,60.03
552,COC(=O)N1CCC[NH+](C(C)c2nc(-c3cccc(C(F)(F)F)c3)no2)CC1,72.9
553,CCN1Cc2cccc(C(=O)Nc3ccc(F)cc3)c2C1=O,49.41
554,CC1CC1Nc1nc(Br)cn2ccnc12,42.22
555,COc1ccc(-c2nn(-c3ccccc3)cc2C(=O)Nc2cccc(C(=O)NC3CC3)c2)cc1,85.25
556,CC[NH+](CCNCc1nc2ccccc2n1C)C(C)C,34.29
557,C=CCNC(=O)C1CC2Cn3c(nc4cc(Cl)c(Cl)cc43)C2N1C,50.16
558,CCn1cc(C(=O)O)c(=O)c2cc(F)c(N3CCC(CN)C3)cc21,88.56
559,CCc1ccc(CC(C#N)NC(=O)C2NC3CCC2C3)cc1,64.92
560,COc1ccc2c3c1OC1C4(OC)C=CC5(CC4c4nnc(O)o4)C(C2)N(C)CCC315,90.08
561,CC(=O)NC(C)c1ccc(OC2CCN(c3ccc(C4CC4)cn3)C2)cc1,54.46
562,CC(CO)C(c1cc(F)ccc1F)S(=O)(=O)c1ccc(Cl)cc1,54.37
563,CCc1cc(Nc2cc(=O)n(CC(C)=O)c(=O)[nH]2)ccc1C,83.96000000000001
564,CC1CCCN1CCc1ccc2nc(-c3ccsc3)ccc2c1,16.130000000000003
565,COc1cc(N(C)C)c(Cl)cc1C(=O)NC1CCN(Cc2ccccc2)C1,44.81
566,CC(=O)Nc1ccccc1C(=O)NCC1CCCO1,67.43
567,CCOc1ccc(N2CC(C(=O)Nc3cccnc3)CC2=O)cc1,71.53
568,CC(C)(C)N(CC(=O)[O-])C(=O)c1ccc(N)cc1,86.46000000000001
569,CC(=O)NC1=CC(=O)c2ccc(-c3ccccn3)nc2C1=O,89.02000000000001
570,Cn1c(CC(=O)NNC(=O)C2CC3CCC2C3)nc2ccccc21,76.02000000000001
571,CCCN(C(C)C)C(C[NH3+])c1ccc(Br)cc1F,30.880000000000003
572,CCC(=O)Nc1cnc(NC(=O)c2cccc(F)c2)cc1C,71.09
573,CCN(CCN1CCN(c2ccc(F)cc2F)CC1)c1cc2nc(-c3ccco3)nn2c(N)n1,91.96
574,O=C(Nc1ccccc1Br)NC1CCN(c2ccccn2)C1,57.260000000000005
575,Oc1ccc2c3c1OC1c4[nH]c5cc(-c6ccccc6)ccc5c4CC4(O)C(C2)N(CC2CC2)CCC314,68.72
576,COC1Cc2sc(Cl)cc2C2(CCN(Cc3ccccc3)CC2)O1,21.700000000000003
577,CCNC(=O)N1CCC(=C2c3ccc(Cl)cc3CCc3cccnc32)CC1,45.23
578,Cc1cccc(NC(=O)NC(C)c2ccccc2)c1,41.13
579,CC1C(=O)[NH+]=c2ccccc2=C1C(=O)N1CCC(c2ccccc2)CC1,51.35
580,Cc1cc(C[NH+]2CCC2(C)C)ccc1-n1cncn1,35.150000000000006
581,OC(COc1cccc2ncccc12)CN1CCN(Cc2ccccc2)CC1,48.830000000000005
582,O=C(NCCc1ccccc1F)C1CCC(=O)N(Cc2ccccc2F)C1,49.41
583,Cc1ccc(C(C)Nc2nccc(N3C(=O)OCC3C(C)C)n2)cc1,67.35000000000001
584,Cc1ccc(CN2CCC(NC(=O)c3cccnc3)C(O)C2)s1,65.46000000000001
585,Cc1ccccc1C(=O)Nc1ccccc1C(=O)NC1CC1,58.2
586,O=C(Nc1ccon1)C1CCN(c2cc(-n3ccnc3)ncn2)CC1,101.97
587,CN1CC=C(c2ccccc2Cc2ccccc2)CC1,3.24
588,CCOC(=O)Cc1csc(NC(=O)c2ccccc2F)n1,68.28999999999999
589,Cc1csc(C(C#N)C(=O)C2(Cc3cccc(Cl)c3)CCCC2)n1,53.75
590,O=C(Nc1ccccc1OCC1CC1)c1cnccn1,64.11
591,O=C(O)c1cn(C2CC2)c2cc(NC3CC3)c(F)cc2c1=O,71.33
592,COc1cccc(OC)c1OCCNCC1COc2cccc(O)c2O1,78.41000000000001
593,CCc1nccn1S(=O)(=O)c1ccc(C)c(C)c1,51.96
594,CC([NH2+]C1c2ccccc2CC1C)c1ccncc1,29.5
595,N#Cc1ccc2[nH]cc(CCC3CCCN3)c2c1,51.61
596,COc1ccc(S(=O)(=O)N2CCOCC2)cc1NC(=O)c1ccccc1C,84.94
597,Cc1cc(OC2CCN(C)CC2)cc(C)c1-c1cccc(COc2ccc3c(c2)OCC3CC(=O)O)c1,68.23
598,CC(C)Nc1ncccc1C(=O)NCc1ccnn1C,71.84
599,COC1=CC(c2ccccc2)=NC1=Cc1[nH]c(C)cc1C,37.38
600,CN1CCN(CC=C2c3ccccc3COc3ccc(C(=O)O)cc32)CC1,53.010000000000005
601,Oc1nc2ccccc2n1C1CCN(C(c2nnnn2Cc2ccccc2)C2CC2)CC1,84.89000000000001
602,CC(C)C(C)NC(=O)C1CCN(c2ccc3nncn3n2)CC1,75.42
603,COC(=O)c1sccc1Oc1ccc(C(F)(F)F)cc1NC=C(C#N)C#N,95.14
604,CCOc1cccc(C[NH+]2CCCC(c3[nH]ncc3-c3ccc(Cl)cc3)C2)c1O,62.58
605,COc1ccc(OC)c(-c2ccc(O)c(CNCCCN(C)C)c2)c1,53.96
606,CC(C)(C)CC1NC(C(N)=O)C(c2cccc(Cl)c2F)C12C(=O)Nc1cc(Cl)ccc12,84.22
607,COc1ccc(NC(C)=O)cc1NC(=O)c1ccc(Cl)cc1,67.43
608,Cc1cc(C[NH2+]C(c2ccccn2)C2CCCC2)ccc1F,29.5
609,O=c1[nH]c2c([nH]c3ccccc32)c(=O)n1CCN1CCOCC1,83.12
610,O=C(NCc1ccco1)Nc1ccccc1Cl,54.27
611,Cc1ccc(S(=O)(=O)NCC[NH+](C)C2CCCCC2)cc1,50.61
612,CCCNC(=O)c1cc(-c2ccc3c(c2)OCO3)on1,73.59
613,CC(C)C(C(=O)Nc1nccs1)c1ccc(Cl)cc1,41.99
614,COc1ccccc1N1CCN(CC(O)COc2ccc(C)cc2C(C)(C)C)CC1,45.17
615,Cc1nc2c(c(-c3ccc(Cl)cc3Cl)c1CN)C(=O)N(CC1CCCN1)C2,71.25
616,C=CCC1C(=O)NC2CCN(C(=O)OCc3ccccc3)C21,58.64
617,CC(Oc1ccc(Oc2ccccc2)cc1)C(=O)[O-],58.59
618,COc1cc(N)c(Cl)cc1C(=O)OCCN1CCC(CNC(=O)C(C)C)CC1,93.89
619,CCOc1cccc2sc(N(Cc3ccccn3)C(=O)c3ccc(OC)cc3)nc12,64.55
620,C#CCN1CCN(C(=O)c2c(F)cc(-c3ncnc(CC)c3C#Cc3ccc(N)nc3)cc2F)CC1,88.24
621,CC(=O)Nc1cccc(C(=O)Nc2ccc(Oc3ccccc3C#N)cc2)c1,91.22
622,COc1ccc(NC(=O)C2(C)CCN2Cc2ccccc2Cl)cc1OC,50.8
623,NC(=S)NN=Cc1ccc(-c2ccc(S(N)(=O)=O)cc2)o1,123.71
624,Cc1[nH]ncc1CCCNC(=O)N1CCCC1C1CCCC1,61.02
625,CN(C)C1CN(c2c(F)cc3c(=O)c(C(=O)O)cn(C4CC4)c3c2F)C1,65.78
626,O=C(CCN1CCN(c2ccccc2)CC1)Nc1ccccc1,35.580000000000005
627,COc1ccc(C(=O)c2ccc3n2CCC3C(=O)O)cc1,68.53
628,COC(=O)C=C1C(=O)N(c2nc3ccccc3s2)C(=S)N1c1ccc(F)cc1,62.74000000000001
629,CN(c1ccc([N+]#N)cc1)C1CCC2(O)C3Cc4ccc(O)c5c4C2(CCN3CC2CC2)C1O5,84.32000000000001
630,Cc1cccc(Nc2ccccc2C(=O)NNC(=O)NCC2CCCO2)c1C,91.49
631,O=C(O)c1ccc(OCc2ccc(F)cc2)cc1,46.53
632,CC(C)CC(=O)C(O)(Cn1cncn1)c1ccc(Cl)cc1,68.00999999999999
633,COC1(C)CC(N(C)C(=O)NCC(C)Cn2nc(C)cc2C)C1(C)C,59.39
634,Cc1cccc(CNc2ccc3c(c2)OCO3)c1,30.49
635,COc1ccc(C2Nc3nonc3NC3=C2C(=O)CC(c2cccs2)C3)c(OC)c1,98.51
636,CNS(=O)(=O)c1cccc(C(=O)Nc2cccc(Cl)c2)c1,75.27
637,Cc1ccc(NC(=O)c2ccccc2)cc1NC(=O)c1ccc(Cl)cc1,58.2
638,CN1CCC23c4c5ccc(O)c4OC2C(NCC(=O)O)CCC3(OCCCc2ccccc2)C1C5,91.26
639,CCc1ncnc(-c2ccc(C(=O)N3CCN(CC4CC4)CC3)c(Cl)c2)c1C#Cc1ccc(N)nc1,88.24000000000001
640,CC(C)n1ncc2c(C(=O)Oc3cccnc3Br)cc(C3CC3)nc21,69.9
641,CC(=O)N1N=C(c2ccccc2O)CC1c1ccc(O)cc1,73.13000000000001
642,O=c1[nH]c2c([nH]c3ccccc32)c(=O)n1CCN1CCOCC1,83.12
643,CC(c1ccc(-n2cncn2)cc1)N(C)C(=O)NCC1CC=CCC1,63.05
644,CC(NC(=O)NCC1CCCN(c2ncccn2)C1)c1ccccc1,70.15
645,O=C(Nc1ccc(C(F)(F)F)cc1)c1cc(Cl)ccc1O,49.33
646,N#Cc1cccc(NNC(=O)NCc2cn3cc(Cl)ccc3n2)c1,94.25
647,CCc1ccc(C(=O)Nn2c(C)nc3ccccc3c2=O)cc1,63.99
648,CN(Cc1nc2ccccc2n1CCN)C1CCCc2cccnc21,59.97
649,O=C(CCc1ccccc1)NCCCN1CCN(CCCNc2ccnc3cc(Cl)ccc23)CC1,60.50000000000001
650,CC(C)C(CO)NCc1nc(-c2cccc(F)c2)ccc1F,45.15
651,COc1cccc(C(=O)NCCS(=O)(=O)N2CCCCCC2)c1,75.71
652,Cn1ccnc1C(=O)Nc1ccc(F)c(C2(C(F)F)COCC(N)=N2)c1,94.53
653,CN1CC(N)=NC(C)(c2cccc(NC(=O)c3ccc(Cl)cn3)c2)C1,83.61
654,COCCn1c(=NC(=O)COc2cccc(C)c2)sc2cc(S(C)(=O)=O)ccc21,86.96000000000001
655,CSc1ccccc1NC(=O)c1ccccc1N(C)S(C)(=O)=O,66.48
656,CC(C)CCC1CCCCN1C(=O)Nc1ccc(-n2ncn(C)c2=O)cc1,72.16
657,CN(Cc1cc(Cl)cc(Cl)c1)C(=O)c1cccc(CS(C)=O)c1,37.38
658,O=C(COc1ccc(F)cc1Br)NCc1ccccn1,51.22
659,Cc1cc(C)cc(OCC(O)Cn2nc(C)cc2C)c1,47.28
660,O=C(CCc1ccc(F)cc1)c1cc(F)ccc1OCC(O)CN1CCOCC1,59.0
661,CN1CC(Oc2ccc(Cl)cc2)=NC(SCC(=O)Nc2ccccc2)=N1,66.28999999999999
662,O=C(c1ccccc1)N1CCN(C(=O)c2ccc3c(c2)OCO3)CC1,59.08000000000001
663,CC(=O)Nc1ccc2[nH]cc(C3CCN(C)CC3)c2n1,61.02
664,O=S(=O)(CC(O)COc1ccccc1Cl)c1ccccc1,63.60000000000001
665,CCNS(=O)(=O)c1ccc(C(=O)Nc2ccccc2)cc1,75.27
666,COC(C)C(=O)NC1CCC(CCN2CCC(c3cccc4c3OCO4)CC2)CC1,60.03
667,Cc1ccc(C2CC[NH2+]CC2c2ccccc2)s1,16.61
668,O=S(=O)(Nc1ccc(Cl)cc1)c1ccc(Cl)cc1,46.17
669,CN1C(=O)CCC1C(=O)NCc1cccc(C(F)(F)F)c1Cl,49.41
670,Oc1[nH]nc(C(F)(F)F)c1Cc1ccc(Cl)cc1,48.91
671,CCCc1n[nH]c(C2CN(C(=O)c3ccc4c(c3)COC4)CCO2)n1,80.34
672,CCCN1CCc2cccc3c2C1Cc1cccc(OC(=O)CSc2ccccc2)c1-3,29.54
673,CN(C)c1ccc(NC(=S)c2ccccn2)cc1,28.16
674,CCOc1ccccc1N1CCN(Cc2ccccc2)CC1,15.71
675,Cc1cc(NC(=O)COC(=O)c2ccccc2O)no1,101.66
676,O=S(=O)(Nc1ccccn1)c1ccc(Cl)cc1,59.06
677,Cc1cc(N2CCCC3(CCC(=O)N(Cc4ccncc4)C3)C2)cc(C)[nH+]1,50.580000000000005
678,COc1ccc(C(=O)N2CCN(C(=O)CCc3ccncc3)CC2)cc1,62.74
679,Cn1nccc1C(=O)OCC(=O)Nc1cccc(Cl)c1,73.22
680,O=C(Cc1ccc(F)cc1)Nc1ccc(F)cc1,29.1
681,CC(C)OCC(O)CN1CC2CC(C1)c1cccc(=O)n1C2,54.7
682,CN1C(=O)C(O)N=C(c2ccccc2)c2ccccc21,52.900000000000006
683,CC1CN2CCN(Cc3ccoc3)CC2CC1(C)c1cccc(O)c1,39.85
684,CN1CCN(C2c3ccc(Cl)cc3CCc3cccnc32)CC1,19.37
685,CN1CCN(S(=O)(=O)c2ccc(C(=O)Nc3ccccc3)cc2)CC1,69.72
686,CCN1C(=O)c2ccccc2[S+]([O-])c2ccc(C(=O)NCc3ccc(F)cc3)cc21,72.47
687,CC(c1ccccc1)N1Cc2ccc(O)c(O)c2C1=O,60.77
688,COc1ccccc1SC1=C(O)CC(c2ccccc2)CC1=O,46.53
689,FC(F)(F)Oc1ccccc1CNC1CCCNC1c1ccccc1,33.29
690,COc1ccccc1NS(=O)(=O)c1ccc(C)c(C(N)=O)c1,98.49
691,COc1c(OCC2CC2)cc2c3c1-c1cc4c(cc1CC3N(C)CC2)OCO4,40.16
692,Cc1ccc(N2CCCC2=O)c(C(=O)N2CCN(C(C#N)C(C)C)CC2)c1,67.65
693,CCOc1cc2c3c(c1)-c1c(ccc(O)c1O)CC3N(C)CC2,52.93
694,O=C(CN1CCOCC1)Nc1ncc(Cc2cccc(Cl)c2)s1,54.46
695,OCC1(CCOc2ccccc2)CCN(Cc2ccncc2)CC1,45.59
696,CN(CC(O)CNCc1ccc(Cl)cc1)S(=O)(=O)c1cccc2cnccc12,82.53
697,CC(=O)c1ccc(NC(=O)CNC(=O)c2ccccc2C)cc1C,75.27000000000001
698,O=C1NCCN1CCN1CCN(Cc2ccccc2)CC1,38.82000000000001
699,COc1ccc(NC(=O)c2ccccc2)cc1,38.33
700,CC(Sc1nnc(-c2c[nH]c3ccccc23)n1CC1CCCO1)C(=O)N1CCCC1,76.04
701,CC[NH2+]C(Cc1nccs1)c1cc(F)ccc1C,29.5
702,CC(C)C(=O)N(C)Cc1ccc(C(=O)OC(C)C2CCOC2)cc1,55.84
703,CC(C)NC(=O)C1=CC(c2ccc3c(c2)OCO3)=NS(=O)(=O)N1C,97.3
704,O=C(Cn1nc(-c2ccccc2F)ccc1=O)N1CCC2(O)CCCCC2C1,75.43
705,NCCN1CCC(Nc2nc3ccccc3n2Cc2ccc(F)cc2)CC1,59.11
706,O=C(Nc1ccc(Cl)cn1)c1cnn2c1NC(=C1CC1)C=C2C(F)F,71.84
707,Fc1ccc(COCC2CCN(Cc3ccccc3)CC2)cc1,12.47
708,CC(=O)Nc1ccccc1C(=O)NCC1CCCO1,67.43
709,CCC(NC(=O)C1CCN(S(C)(=O)=O)CC1)c1ccc(C)c(C)c1,66.48
710,Cc1ccc(C)c(N2CCN(C(=O)Cn3cccc3)CC2)c1,28.48
711,CC(=O)NCC1OC(=O)N2c3ccc(-c4cncnc4)cc3OCC12,93.65
712,Cc1ccc(NC(=O)CCOc2ccccc2)cc1,38.33
713,COc1cc2c(cc1OC)C(c1ccccc1)N(CC(=O)NC(=O)Nc1ccccc1)CC2,79.9
714,O=C(CCS(=O)(=O)c1ccccc1)Nc1nccs1,76.13
715,Clc1ccc(CNC2CCN(Cc3ccccc3)CC2)cc1,15.27
716,N#Cc1ccc(C(=O)Nc2ccc(F)c(C3(CF)N=C(N)OC4CC43)c2)nc1,113.39
717,CC(c1ccc(-c2ccccc2)cc1)C(N)C(=O)N1CCC(F)C1,46.330000000000005
718,COc1ncccc1C(=O)Nc1nc(-c2c(F)cccc2F)cs1,64.11
719,CCS(=O)(=O)N1CCN(Cc2nc(O)c3ccccc3n2)CC1,86.63000000000001
720,COc1ccc2c3c1OC1C4(OC)C=CC5(CC4c4ccc(N)cc4)C(C2)N(C)CCC315,56.95
721,Cc1ccc(C(=O)NC2CCC(CCN3CCC(c4coc5ccccc45)CC3)CC2)cn1,58.370000000000005
722,CCC(NC(=O)c1c(Cl)c(-c2ccccc2)nc2ccccc12)c1ccccc1,41.99
723,COc1ccc2nc(NC(=O)C(C)C)sc2c1,51.22
724,CCCNC(=O)Cn1c(-n2nc(C)cc2C)nc(CCC)cc1=O,81.81
725,Cc1cccc2[nH]c(-c3c(NCC(O)c4cccc(Cl)c4)cc[nH]c3=O)nc12,93.8
726,CNc1ncccc1C(=O)N(Cc1ccc(OC)c2ccccc12)C(C)C,54.46000000000001
727,COc1ccccc1NC(=O)COc1ccccc1,47.56
728,COc1ccccc1Cc1nnc(NC(=O)c2ccc(C)cc2)s1,64.11000000000001
729,COc1ccc(C(CNC(=O)c2ccco2)N2CCOCC2)cc1,63.94
730,COC(=O)c1cc(CN(C)C(=O)C2(c3ccc(F)cc3)CCCC2)oc1C,59.75
731,Cc1ccc(-c2nnn(CC(=O)NC3CCCn4c(C)nnc43)n2)cc1,103.41
732,CC(CNCC1CC1)Oc1cccc2ccc(N)nc12,60.17
733,Cc1ccccc1C(=O)OCC(=O)N1CC(=O)Nc2ccccc21,75.71000000000001
734,CC(=O)C1=C(O)C(=O)N(CCN2CCOCC2)C1c1ccccc1,70.08
735,CC(C)(C)c1cc(NC(=O)N2CCCN(C(=O)CN3CCOCC3)CC2)no1,91.15
736,CCN(CC)C(=O)C1C=C2c3cccc4[nH]cc(c34)CC2N(C(C)C)C1,39.34
737,OCCOCCN1C2CCC1CC(OC(c1ccc(F)cc1)c1ccc(F)cc1)C2,41.93000000000001
738,Cc1cc(C)cc(NC(=O)CN2CCN(C(=O)C3CCCO3)CC2)c1,61.88000000000001
739,COc1cccc(-c2nc(CN3CCOCC3)co2)c1,47.73
740,CN1CCN(CCCc2c[nH]c3ccc(-n4cnnc4)cc23)CC1,52.98
741,O=C(NCC12CCC3(O1)C1Cc4ccc(O)cc4C3(CCN1CC1CC1)C2)c1ccccc1O,82.03
742,Cc1cnc(C(=O)Nc2cccc(C3(C)COCC(N)=N3)c2)cn1,102.49
743,COc1ccc(N2C(=O)C3CCCN3C2c2cccc(OC)c2)cc1,42.010000000000005
744,Cc1nn(Cc2ccccc2)c(C)c1CCC(=O)O,55.120000000000005
745,COc1c(Br)cc(C=CC(=O)NCCCN)cc1Br,64.35
746,Cc1ccc2oc(-c3nc(C4CCOC4)no3)cc2n1,74.18
747,Cc1ccnc(NC(=S)N2CCN(c3ccc(O)cc3)CC2)c1,51.63000000000001
748,CC(=O)c1cn(CC(=O)NC2CCS(=O)(=O)C2)c2ccccc12,85.24000000000001
749,COc1ccc2nccc(C(O)CCC3CCN(C4CC(c5ccc(C#N)cc5)C4)CC3C(=O)O)c2c1,106.68
750,COc1ccc(C2CC(c3ccccc3)=NN2C2=NC(=O)CS2)cc1,54.26
751,CC(=O)c1cccc(NC(=O)c2c(C)nn(-c3ccccc3)c2-n2cccc2)c1,68.92
752,Cc1cnc(C(=O)Nc2ccc(F)c(C3(C)COCC(N)=N3)c2)cn1,102.49
753,CN(C)C1(C[NH2+]Cc2cn(C)nc2-c2ccncc2)CCOCC1,59.790000000000006
754,O=C(COc1ccc2c(c1)OCO2)N1CCC(Cc2ccc(CO)cc2)C1,68.23
755,CC(C)(C)C(=O)NCC1Cc2cc(C(C)(C)C)ccc2O1,38.33
756,O=C(NCc1cccc(Cl)c1)C1CCCN1CCCc1ccccc1,32.34
757,O=S(=O)(c1cccc2ccccc12)c1cccc2oc(N3CCNCC3)nc12,75.44
758,CCOC(=O)N1CCC(NC(=O)c2ccc(Cl)cc2)CC1,58.64
759,Cc1ccccc1C1CC1C(=O)Nc1cccc(OCC(N)=O)c1,81.41999999999999
760,O=C(NCC(c1cccs1)N1CCOCC1)c1ccc(F)cc1Cl,41.57000000000001
761,O=C(O)C1CCC(=O)N1Cc1ccc(Cl)cc1,57.61
762,CC(=O)NCC1CN(c2ccc(-n3cnc(Cl)n3)c(F)c2)C(=O)O1,89.35000000000001
763,O=C(O)COCCN1CCN(C(c2ccccc2)c2ccc(Cl)cc2)CC1,53.010000000000005
764,Cc1cc2c(c(=O)n1CC1CCCO1)C(c1ccco1)C(C#N)=C(N)O2,103.41
765,CCc1nc2cc(Cl)ccn2c1C(=O)NCc1ccc(N2CCN(C)CC2)cc1,52.88000000000001
766,CCC1CN2CCC1CC2C(O)c1cc(-c2cccnc2)nc2ccc(OC)cc12,58.48
767,Cc1ccc2c(c1)N(CC(=O)NC1CCC(C)CC1)C(=O)c1cccnc1O2,71.53
768,CN1CCN(Cc2ccc3c(c2)Cc2c(-c4cncs4)n[nH]c2-3)CC1,48.05
769,COc1cccc(OC)c1OCCNCC1CSc2ccccc2C1=O,56.79
770,O=C(CCC1CCN(Cc2ccccc2)CC1)c1ccc2c(c1)NCCC2,32.34
771,CCOC(=O)Nc1nc2ccc(OC(F)(F)F)cc2s1,60.45
772,Oc1cncc(-c2ccccc2OC2CC3CNCC2C3)c1,54.38000000000001
773,Cc1cc(C(=O)N2CCOC(CC(c3ccccc3)c3ccccc3)C2)[nH]n1,58.22
774,O=C(NC1C2CCN(CC2)C1Cc1cccnc1)c1cccc(Cl)c1,45.23
775,Cc1nc(C2CC3CSC(N)=NC3(c3ccc(F)cc3F)CO2)no1,86.53
776,COc1ccc(NC(=O)N2CCC(C(=O)N3CCCC(C)C3)CC2)cc1,61.88
777,OC(CNCCOc1ccc(Cl)cc1)COc1ccccc1,50.72
778,CC(C)C(CO)NCc1nc(-c2ccc(F)c(F)c2)ccc1F,45.15
779,O=C(COc1ccc(Cl)cc1)Nc1ccccc1Cl,38.33
780,Cc1nc(NC(=O)CCc2cc(F)ccc2F)sc1-c1nnc([S-])n1C,72.70000000000002
781,COC1CCC(CC(=O)NC2CC[NH+](C)C2c2ccc(Cl)cc2)CC1,42.77
782,CC(=O)NC(C)c1ccc(OC2CCN(c3ccc(F)c(C)n3)C2)cc1,54.46
783,CCc1ncnc(-c2ccc(C(=O)N3CCC4(CCN(C)C4)C3)c(Cl)c2)c1C#Cc1ccc(N)nc1,88.24000000000001
784,CC(CCn1cccn1)[NH2+]Cc1ccc2nonc2c1,73.35
785,Oc1c(CN2CCSCC2)cc(Cl)c2cccnc12,36.36
786,CC1N(c2cc3c(cc2F)c(=O)c(C(=O)O)cn3C2CC2)CC1(C)O,82.77
787,CC(C)COc1ccc(Cl)cc1Cc1cccc(C(=O)O)n1,59.42
788,Oc1ccc2c3c1OC1c4[nH]c5cc6ccccc6cc5c4CC4(O)C(C2)N(CC2CC2)CCC314,68.72
789,O=C(Nc1ccccc1)C1COc2ccccc2O1,47.56
790,CCOc1cc(N)c(Cl)cc1C(=O)NCC1CN(Cc2ccc(C(=O)O)cc2)CCO1,114.12
791,Cc1ccc(NC(=O)C2(C)CCN2Cc2ccccc2OC(F)F)cc1,41.57000000000001
792,CC(=O)N1c2ccc(S(=O)(=O)NCCc3ccccc3)cc2CC1C,66.48
793,NC(=O)CC1CCCCN1C(=O)C1CC1c1cccc(F)c1,63.400000000000006
794,Clc1ccccc1-c1nc(CN2CC=CCC2)co1,29.270000000000003
795,Cc1c(C(=O)Nc2ccc(F)cc2F)oc2c1C(O)CC(C)(C)C2,62.47
796,C=Cc1ccc(C2CC3CCC(C2C(=O)OC)N3C)cc1,29.54
797,Cc1cccc(NC(=O)CN2CCC(c3nccs3)CC2)c1,45.23
798,COc1cc(N)c(Cl)cc1C(=O)NC1CCN(Cc2ccccc2)C1,67.58999999999999
799,CCOc1ccc(C(=O)Nc2c[nH]cc(Br)c2=O)cn1,84.08
800,CCC(NC(=O)c1c(CS(C)(=O)=O)c(-c2ccccc2)nc2ccccc12)c1ccccc1,76.13
801,CC(C)NC(=O)CN(C)C(=O)C(=O)c1cnn(-c2ccccc2)c1,84.30000000000001
802,CC1CN(Cc2cn(C)nc2-c2cccnc2)CCN1CC(F)(F)F,37.190000000000005
803,CCNC(=O)NCc1nc(-c2ccc(OC)cc2)no1,89.28
804,O=C(c1cc(Cl)c[nH]1)N1CCN(CCc2ccccn2)CC1,52.23
805,Cn1cc(C(=O)NC2C(C)(C)C(Oc3ccc(C#N)c(Cl)c3)C2(C)C)cn1,79.94000000000001
806,COc1ccccc1C1Nc2ccc(S(=O)(=O)N3CCN(C)CC3)cc2C2C=CCC21,61.88
807,CCOCC(=O)Nc1c(C)n(C)n(-c2ccccc2)c1=O,65.25999999999999
808,Cc1ccc(NC(=O)C2CCN(S(=O)(=O)c3ccc4c(c3)OCCO4)CC2)nc1,97.83
809,COc1ccc(S(=O)(=O)Nc2cccc(Cl)c2)cc1N1CCNCC1,70.67
810,O=C(O)c1ccc2c(c1)C(=O)C(n1ccnc1)CC2,72.19
811,COc1ccc(OC)c(NC(=O)c2ccco2)c1,60.7
812,CCC(=O)N(c1ccccc1)C1(COC)CCN(CCn2cccc2)CC1,37.71
813,CC(C)c1ncc(SCC(O)c2ccccc2Cl)c(C(=O)[O-])n1,86.14
814,CCC(=O)NCCCN1CCN(CCCNc2ccnc3cc(Cl)ccc23)CC1,60.50000000000001
815,COCCn1cnn(C[NH+](C2CC2)C2CCc3ccccc32)c1=S,36.42
816,Cc1ccccc1N1CCN(C2CCCN(C(=O)c3cnsn3)C2)CC1,52.57
817,O=C(c1cn(-c2ccccc2)nc1-c1ccccc1)N1CCN(CC2CCCO2)CC1,50.60000000000001
818,CC(=O)N1CCCc2ccc(NS(=O)(=O)c3ccc(C)cc3)cc21,66.48
819,O=C(O)CN1CCN(Cc2ccc(F)cc2Cl)C1=O,60.85
820,CN1CCN(c2nc3sccc3n3cccc23)CC1,23.78
821,O=C(CCc1ccccc1)NCc1ccccc1,29.1
822,O=C(Nc1ccccc1)c1ccc(F)c(S(=O)(=O)N2CCOCC2)c1,75.71000000000001
823,Cc1ccc(C(=O)Nc2ccc3nc(S(=O)(=O)CC(C)C)sc3c2)cc1F,76.13
824,O=C([O-])CSc1ccc(NC(=O)c2cccc3ccccc23)cc1,69.22999999999999
825,O=C(c1ccco1)N1CCN=C1SCc1cccc(Cl)c1,45.81
826,C=C(C)n1c(=O)n(C(=O)CCC(C)C)c2ccccc21,44.0
827,Cc1ccc2c(c1)N(C(=O)N1CCC(C(=O)Nc3cccc(F)c3)CC1)CCO2,61.88000000000001
828,Cc1nsc(N)c1-c1nc2cnccc2n1C1CC1,69.62
829,CCCNC(=O)c1sccc1N(C)S(=O)(=O)c1ccc(Cl)cc1,66.48
830,Oc1ccc2c3c1OC1C(F)CCC4(O)C(C2)N(CC2CC2)CCC314,52.93
831,O=C1C=CC2(C=C1)OCC(c1ccc(-c3cccc(C(=O)O)c3)cc1)O2,72.83000000000001
832,CCOc1cc(C2NC(=O)c3ccccc3N2C)cc(Br)c1O,61.8
833,Oc1ccc2c3c1OC1c4[nH]c5c(Br)cccc5c4CC4(O)C(C2)N(CC2CC2)CCC314,68.72
834,CN(C(=O)CC1C(=O)NCCN1Cc1ccc(F)c(F)c1)C1CCOCC1,61.88000000000001
835,COc1cccc(C(=O)NC2CCN(Cc3ccc4cc(F)ccc4c3)CC2)c1,41.57
836,O=S(=O)(Nc1cccc(C(F)(F)F)c1)c1ccc(Cl)cc1,46.17
837,COC(=O)C1=C(c2ccc(F)cc2OCc2ccccc2)CC2CCC1N2C,38.77
838,O=C(Nc1ccc(S(=O)(=O)N2CCOCC2)cc1)c1ccccc1,75.71000000000001
839,CC1CN(c2ccc(F)cc2C(F)(F)F)CCN1S(=O)(=O)c1ccc(O)cc1Cl,60.85000000000001
840,COc1cc2c(cc1OC)CC(=O)N(CCCN(C)CCc1ccsc1)CC2,42.010000000000005
841,Cc1c(N2CCCNCC2)c(F)cn2c(=O)c(C(=O)O)cc(C3CC3)c12,74.05
842,COc1ccccc1CNCC(O)c1ccc(C(F)(F)F)cc1,41.49
843,CCC(C)NC(=O)C1c2ccccc2C(=O)N1Cc1ccccc1OC,58.64
844,COCCOc1ncccc1C(=O)Nc1c(-c2ccccc2)nc2ccccn12,77.75
845,CC(=O)Nc1ncc2c(n1)CC(c1ccco1)CC2=O,85.09
846,COc1cc2cc(C(=O)N(C)Cc3ccc(Br)o3)[nH]c2c(OC)c1OC,76.93
847,CNCc1cc(C#CCCN2CCOCC2)ccc1Oc1cccc(Cl)c1,33.730000000000004
848,CCNC(=O)C1(Cc2ccccc2-c2ccncc2)CCCN(C(=O)Cc2cccnc2)C1,75.19
849,Oc1cccc(CN2CCN(c3ncc(Cc4ccccc4)cn3)CC2)c1,52.49
850,CCS(=O)(=O)N1CCC(C(=O)NCc2cccnc2)CC1,79.37
851,Cc1cccc2cc(CN(CC3CCCO3)C(=O)Nc3ccccc3Cl)c(=O)[nH]c12,74.43
852,COc1cccc(-c2nnc(NC(=O)C3CC3)o2)c1,77.25000000000001
853,COc1cc(N)c(Cl)cc1C(=O)OCCN1CCC(NC(=O)CC(C)(C)C)CC1,93.89
854,COc1cccc(F)c1CN1CC(NC(=O)c2ccc3[nH]nc(-c4ccnc(C)c4)c3c2)CCC1C,83.14
855,CCc1ncnc(N2CCN(C3CC3)CC2)c1C#Cc1ccc(N)nc1,71.17
856,Cc1cc(C)nc(NC(=S)N2CCN(c3ccncc3)CC2)c1,44.290000000000006
857,O=C(Cc1ccccc1)NC1CCN(Cc2ccccc2)CC1,32.34
858,CC(O)C(C)N1CCC(NC(c2ccc(Cl)cc2)c2cccnc2)CC1,48.39
859,CN1CCN(c2ccc(NC=C3C(=O)NC(=O)c4ccc(-c5ccccc5)cc43)cc2)CC1,64.68
860,Cc1ncsc1CCOCCCS(=O)(=O)CCNCCc1ccc(O)c2nc(O)sc12,121.64
861,CCCn1c(=O)c2sccc2n2c(SC)nnc12,52.19
862,COc1cccc(NC(=O)C2CC(=O)N(c3ccccc3Cl)C2)c1,58.64
863,CC(Sc1nnnn1C)C(=O)NCC(C)c1ccccc1,72.7
864,O=C1C(C(O)c2cccc(O)c2)CCCN1Cc1ccccc1,60.77
865,CC1CCCN(Cc2coc(-c3ccc(Cl)cc3Cl)n2)C1,29.270000000000003
866,CCc1cc(C(=O)NCCn2ccc(C)n2)on1,72.95
867,CN(C)Cc1cn2c(n1)CN(C(=O)Cc1ccsc1)CC2,41.370000000000005
868,CC(C)Oc1ccc(N2CCN(Cc3ccc(F)cc3)CC2)cc1NC(=O)c1cnccn1,70.59
869,CC(C)Cc1ccc(C(C)c2nc3ccccc3n2Cc2ccccn2)cc1,30.71
870,CN1CCN(Cc2ccc(C(=O)Nc3cc(-c4ccccc4)ccc3O)cc2)CC1,55.81
871,CC1CC(C)C[NH+](CCNC(=O)CSCc2ccccc2)C1,33.54
872,COc1ccc(Cl)c(NC(=O)C[NH+](C)Cc2ccccc2F)c1,42.77
873,COc1ccc(C2NC(=O)NC3=C2C(=O)N(Cc2cccs2)C3)cc1OC,79.9
874,Cc1nc(CSC2CCCN(c3ccc(F)cc3C)C2=O)no1,59.23
875,CC(Oc1ccc(Cl)cc1Cl)C(=O)NCc1cccc(Cl)c1,38.33
876,Cc1c(C(=O)NCCc2ccccc2)cnn1-c1ccncc1,59.81
877,COc1ccc(C2(C(=O)N3CCOCC(O)C3)CCCC2)cc1OC,68.23
878,CNc1ncncc1-c1ccc(C(=O)N(C)C)cc1,58.120000000000005
879,CC1(C)Oc2ccc(C#N)cc2C(n2ccccc2=O)C1O,75.25
880,Cc1cnn(CCNc2ncc(S(C)(=O)=O)c(C3CCC[NH2+]C3)n2)c1,106.38
881,CCOC(=O)c1nnnn1C(C)C(O)c1cccc(Cl)c1,90.13
882,COCCn1nc(C)c(NC(=O)c2sc3cccc(F)c3c2C)c1C,56.15
883,Cc1cc(C)c2nc(N(CC[NH+](C)C)C(=O)c3cccc(N4C(=O)CCC4=O)c3)sc2c1,75.02000000000001
884,COC1=CC(=O)CC(C)C12Oc1c(Cl)c(OC)cc(OC)c1C2=O,71.06
885,Cc1cccc2nc(-c3cccc(-c4cccc(NC(=O)CN5CCN(C)CC5)c4)c3)[nH]c12,64.26
886,CSC(C)C(=O)N1CC(=O)Nc2cc(Br)ccc21,49.41
887,CC1CCc2c(F)cccc2C1NC(=O)NCC(C)(O)C(C)C,61.36
888,NS(=O)(=O)c1ccc(CNC(=O)c2ccccc2Cl)cc1,89.25999999999999
889,CC(=O)NCC1CCC[NH+](Cn2nc(-c3cccs3)oc2=S)C1,64.5
890,CN(C)CCS(=O)(=O)NCCOc1ccc2c(c1)C(C1(c3ccc(Cl)cc3)CCC1)NCC2,70.67
891,Oc1ccc2c(c1)CCC(Cc1ccncc1)C2,33.120000000000005
892,CN1CCN(C#CCN2c3ccccc3Sc3ccccc32)CC1,9.72
893,Clc1ccc(-c2nnc(SCCCN3CCN(c4nc5ccccc5s4)CC3)o2)cc1,58.290000000000006
894,CCC(=O)Nc1nc2ccccc2n1CCN(CC)CC,50.16
895,COc1cccc(C2=NN3C(C2)c2cccc(OC)c2OC3c2ccc(OC)c(OC)c2C(=O)[O-])c1,101.88000000000002
896,Clc1cccc(N2CCN(CCc3ccccc3)CC2)c1,6.48
897,COC(=O)C1CC(C=Cc2ccccc2)=NC1c1ccccc1,38.66
898,COCc1ccc2c(c1)C(O)(C(F)(F)F)c1ccccc1-2,29.46
899,O=CNC1CCC(CCN2CCC(c3cccc4c3CCO4)CC2)CC1,41.57000000000001
900,COc1ccc(-c2nc(CN3CCN(CCO)CC3)co2)cc1,61.97
901,COc1ccc(OCC(=O)Nc2cc(OC)ccc2OC)cc1,66.02000000000001
902,CC(C)NC(=O)N(C)C(c1cccc(F)c1)c1ccccn1,45.23
903,CCCn1ccc(O)c(Cc2ccc(Cl)cc2)c1=O,42.23
904,Cc1cc(C)cc(NNC(=O)CSc2nnnn2C)c1,84.72999999999999
905,CC(Nc1nccc(N2C(=O)OCC2C(C)C)n1)c1cccnc1,80.24000000000001
906,C=CCCN1CCC2(C)c3cc(O)ccc3CC1C2C,23.47
907,CCn1cc(C(=O)O)c(=O)c2cc(F)c(N3CCN(C)CC3)cc21,65.78
908,Cc1cc(O)cc(C)c1CC(N)C(=O)N1Cc2ccccc2CC1CN(C)C,69.8
909,Cc1cc(C)c(-c2csc(NC(=O)CC3=c4ccccc4=[NH+]C3)n2)c(C)c1,55.96
910,CCOc1ccc(F)c(C(=O)NC2(c3noc(C)n3)CCC2)c1F,77.25
911,Cc1cc(Br)cc(C)c1N=C1NCCN1,36.42
912,CCn1cc(C(=O)O)c(=O)c2cc(F)c(C3=NCCCO3)cc21,80.89
913,Cc1ccc2nc(NC(=O)CCC(=O)O)sc2c1,79.29
914,CCOC(=O)Cc1csc(NC(=O)c2ccc(C)cc2)n1,68.28999999999999
915,CC(=O)NC1CCC2(O)C3Cc4ccc(O)c5c4C2(CCN3CC2CC2)C1O5,82.03
916,COc1ccc(NC(=O)Nc2ccc(OC)cc2)cc1,59.59
917,Cc1cc(N2CCN(C)CC2)c2ncc(CSCCc3ccccc3)n2c1,23.78
918,Cn1ccc(C2CCNCC2C(=O)N(Cc2c[nH]c3cccc(F)c23)C2CC2)cc1=O,70.13
919,Cc1cccc(N2C(=O)CSC2c2c(Cl)cncc2Cl)n1,46.09
920,COC1Cc2sccc2C2(CCN(Cc3ccccc3)CC2)O1,21.700000000000003
921,CC(O)CN1CCN(CCOC(c2ccccc2)c2ccccc2)CC1,35.94
922,CCC(=O)Nc1ccc(-c2ccc(N3CCC(C)CC3)nn2)cc1,58.120000000000005
923,CN(C)S(=O)(=O)NC1CCC(CCN2CCC(c3cccc4c3OCO4)CC2)CC1,71.11000000000001
924,CN1CCC(Nc2nc3ccccc3n2Cc2ccccc2)CC1,33.09
925,NCC(=O)N1CCN(CCNc2ccnc3cc(Cl)ccc23)CC1,74.49000000000001
926,COc1cccc(NC(=O)CN(C)C(=O)C2=COCCO2)c1,77.10000000000001
927,CN1CCN(c2ccc(Nc3ncc4c(n3)-c3c(c(C(N)=O)nn3C)CC4)cc2)CC1,105.2
928,CC(C)CC(NC(=O)c1ccccc1)C(=O)O,66.4
929,CC(=O)NN1CCN(CCc2c[nH]c3ccccc23)CC1,51.370000000000005
930,COCCCNC(=O)NC1CCN(c2c(F)cccc2F)C1=O,70.67
931,CCCNC(=O)NC(c1ccccc1OC)c1nccn1C,68.18
932,CCN1CCN(C(=O)c2cc(Cc3n[nH]c(=O)c4ccccc34)ccc2F)CC1,69.3
933,CSC1CCCC(NC(=O)Nc2ccccc2-n2nc(C)nc2C)C1,71.84
934,CC(C)C(C)NC1=NS(=O)(=O)c2sc(Cl)cc2N1,70.56
935,Cn1cc2c(OCC3CCNCC3)nc3ccccc3c2c1,39.08
936,Oc1ccc2c3c1OC1C(O)CCC4(O)C(C2)N(CC2CC2)CCC314,73.16
937,CN1CCc2cccc3c2C1Cc1ccc(OCCCN)c(O)c1-3,58.72
938,CCCS(=O)(=O)N1CCC(CNC(=O)c2ccc(Cl)cc2Cl)(N2CCC2)CC1,69.72
939,CN(C)c1ccc(C(=O)NC2C3CCN(CC3)C2Cc2cccnc2)cc1,48.470000000000006
940,CSC(C)C(=O)N1CCC(c2ccccc2C)C1,20.31
941,CC(C)c1ccc(NC(=O)CN2CCN(c3ccccn3)CC2)cc1,48.470000000000006
942,COc1ccccc1N1CCN(CCC(=O)c2cc(C)sc2C)CC1,32.78
943,O=C(CC1Sc2ccccc2NC1=O)Nc1ccc(Cl)cc1,58.2
944,CCC(=O)NCCCN1CCN(CCCNc2ccnc3cc(Cl)ccc23)CC1,60.50000000000001
945,COc1ccc2c(c1)CC1NC2(C)c2ccccc21,21.26
946,O=C(O)C1C2CCC(O2)C1C(=O)Nc1ccccc1Br,75.63
947,COc1ccccc1NS(=O)(=O)c1cc(C(=O)NCC2CCCO2)ccc1C,93.73
948,CC(C)C1C(C#N)=C(N)Oc2[nH]nc(-c3cccs3)c21,87.72000000000001
949,CC(C)(C)CNc1nc(C#N)nc(Nc2ccccc2)n1,86.52
950,Cc1c(N2CCC(O)C2)c(F)cn2c(=O)c(C(=O)O)cc(C3CC3)c12,82.25
951,CC(NC(=O)C(C)(N)C(F)(F)F)(C(=O)[O-])c1ccccc1,95.25
952,NC1=NC(c2cc(NC(=O)c3ccc(Cl)cn3)ccc2F)(C(F)F)COC1,89.6
953,O=C(Nc1ccc(N2CCOCC2)cc1)C1CC(=O)N(c2ccc(F)cc2)C1,61.88000000000001
954,COc1ccc(NC(=O)Nc2ccc(OC)cc2)cc1,59.59
955,COc1ccc(COC(=O)C2=C(C)NC(=O)NC2c2ccccc2)cc1,76.66
956,COc1ccc2[nH]cc(CCNC(=O)N(C3CC3)C(C)c3ccco3)c2c1,70.5
957,CCn1cc(C(=O)O)c(=O)c2cc(F)c(N3CCN(CCCN(C)C)CC3)cc21,69.02
958,COc1ccc(S(=O)(=O)NCCCN2CCN(c3ccc(Cl)c(Cl)c3)CC2)cc1,61.88000000000001
959,Cc1ccc(C(=O)NC2CCC3(O)C4Cc5ccc(O)c6c5C3(CCN4CC3CC3)C2O6)cc1,82.03
960,CC(C)Oc1ccccc1N1CCN(CC(O)CNC(=O)c2ccc3c(c2)C(=O)N(c2cccc(Cl)c2)C3=O)CC1,102.42
961,COc1ccccc1N1CC[NH+](CCNS(=O)(=O)c2cccc(C)c2)CC1,63.08
962,CC(=O)NCC1CN(c2ccc(Br)cc2)C(=O)O1,58.64
963,CCOCC1CC[NH+](CC(=O)NC(C)c2ccc(F)cc2)C1,42.77
964,CC(C)CNC(=O)CSC1CCc2ccccc2NC1=O,58.2
965,COc1ccc2nccc(C(O)CN3CCC(NC(=O)c4ccc(Cl)c(Cl)c4)CC3)c2c1,74.69
966,Cc1ccc(Cl)cc1NC(=O)NC(C)(C(=O)[O-])C(F)(F)F,81.26
967,O=S(=O)(c1ccccc1Cl)N1CCC(N2CCC(O)(c3ccc(Br)cc3)CC2)CC1,60.85000000000001
968,Cc1ccc2oc(-c3ccc(NC(=O)C(C)C)cc3O)nc2c1,75.36
969,Cc1ccc(-c2c(C)noc2C)cc1S(=O)(=O)NC(C)(C)C,72.2
970,Cc1cccc(NC(=O)C2CCCN(S(=O)(=O)c3c(C)nn(C)c3C)C2)c1,84.30000000000001
971,COc1ccc(C)cc1NC(=O)c1cc(-c2ccc(C)o2)nc2ccccc12,64.36
972,COc1ccc(C2OCCC2C[NH2+]C(C)C)cc1F,35.07
973,CCOC(=O)C1CCC(N2CC(NC(=O)CNc3ncnc4ccc(C(F)(F)F)cc34)C2)CC1,96.45
974,O=C(Nc1ccc(Cl)c(Cl)c1)N1CCNCC1COc1cccnc1,66.49000000000001
975,CCc1ncnc(-c2cc(F)c(C(=O)N3CCN(CC4CC4)CC3)c(F)c2)c1C#Cc1ccc(N)nc1,88.24000000000001
976,CC(=O)NC1CC(C)(C)Cc2nc(N(C)Cc3ccccc3)ncc21,58.120000000000005
977,COCCn1ccc2ccc(NC(=O)N3CC(C)OC(C)C3)cc21,55.73
978,CC(C)(NC(=O)c1nn(CCN2CCOCC2)c2c1CC1CC21)c1ccccc1,59.39
979,N#CC1CCCN1C(=O)CNC(=O)c1ccnc2cnccc12,98.98
980,COCC1CCC[NH+]1Cc1cccc(OC(F)(F)F)c1,22.9
981,CCOc1ccc(NC(=O)NCc2cccnc2)cc1,63.25
982,CC(=O)NCC1CN(c2ccc(N3CCN(Cc4ccc(Cl)o4)CC3)c(F)c2)C(=O)O1,78.26
983,CCC(=O)NCCCN1CCN(CCCNc2ccnc3cc(Cl)ccc23)CC1,60.50000000000001
984,Cc1c(-c2ccccc2)oc2c(C(=O)OC(C(N)=O)c3ccccc3)cccc2c1=O,99.6
985,C[NH+](C)CCC=C1c2cc(F)ccc2Sc2ccc(Cl)cc21,4.44
986,CNC1CCC(c2c[nH]c3ccc(N=C(N)c4cccs4)cc23)CC1,66.2
987,C[NH+](C)CCN(Cc1ccc(F)cc1F)C(=O)Nc1cccc2cccnc12,49.67
988,COc1ccccc1N1CCN(CCn2c(=O)[nH]c3cc[nH]c3c2=O)CC1,86.35999999999999
989,Nc1scc(CN2CCN(c3ccc(F)c(Cl)c3)CC2)c1C(=O)c1ccc(Cl)cc1,49.57
990,CCCOc1ccccc1NC(=O)N1CCCC1c1ccc(OC)cc1,50.8
991,O=C(CN1CCOCC1)c1c[nH]c2ccccc12,45.33
992,CN1CCN(C(=O)NCc2cn(-c3ccccc3)c3cc(Cl)ccc3c2=O)CC1,57.58
993,O=C(NC1CCC2(O)C3Cc4ccc(O)c5c4C2(CCN3CC2CC2)C1O5)c1ccc(Br)cc1,82.03
994,CCN1CCC2C(C1)c1ccc(C)cc1C2c1ccc(O)cc1,23.47
995,Cc1ccccc1N1CC(C(=O)Nc2ccc(Cl)cc2Cl)CC1=O,49.41
996,Cc1noc(C)c1COc1cccc(C(=O)NC(C#N)C(C)(C)C)c1,88.15
997,Cc1ccccc1-c1nc(CN2CC(C)OC(C)C2)co1,38.5
998,CCOc1cc(Nc2c(C#N)cnc3cc(OC)c(OC)cc23)c(Cl)cc1Cl,76.4
999,COc1ccc(Cl)cc1C(=O)Nc1ccc(N2CCOCC2)cc1,50.8